qseqid	target_accession	proteome_id	within_proteome_rank	orthology_status	pident	length	qlen	slen	qcovhsp	evalue	bitscore	structure_status	functional_interpretation	protein_header
P32081	P32081	UP000001570	1	reciprocal_best_hit	100	67	67	67	100	1.22e-44	137	available_local_structure	ortholog_candidate_requires_independent_function_and_structure_evidence	sp|P32081|CSPB_BACSU Cold shock protein CspB OS=Bacillus subtilis (strain 168) OX=224308 GN=cspB PE=1 SV=1
P32081	P51777	UP000001570	2	paralog_or_secondary_candidate	81.5	65	67	66	97.0	1.21e-35	115	candidate_missing_structure	unresolved_paralog_or_nonreciprocal_candidate	sp|P51777|CSPD_BACSU Cold shock protein CspD OS=Bacillus subtilis (strain 168) OX=224308 GN=cspD PE=1 SV=1
P32081	P39158	UP000001570	3	paralog_or_secondary_candidate	70.8	65	67	66	97.0	8.88e-29	97.8	candidate_missing_structure	unresolved_paralog_or_nonreciprocal_candidate	sp|P39158|CSPC_BACSU Cold shock protein CspC OS=Bacillus subtilis (strain 168) OX=224308 GN=cspC PE=1 SV=1
P32081	K0AVP7	UP000006094	1	reciprocal_best_hit	69.2	65	67	66	97.0	1.53e-29	99.8	candidate_missing_structure	ortholog_candidate_requires_independent_function_and_structure_evidence	tr|K0AVP7|K0AVP7_GOTA9 Cold shock protein CspA OS=Gottschalkia acidurici (strain ATCC 7906 / DSM 604 / BCRC 14475 / CIP 104303 / KCTC 5404 / NCIMB 10678 / 9a) OX=1128398 GN=cspA1 PE=4 SV=1
P32081	K0AYT3	UP000006094	2	paralog_or_secondary_candidate	57.8	64	67	65	95.5	2.68e-23	84.0	candidate_missing_structure	unresolved_paralog_or_nonreciprocal_candidate	tr|K0AYT3|K0AYT3_GOTA9 Major cold shock protein CspA OS=Gottschalkia acidurici (strain ATCC 7906 / DSM 604 / BCRC 14475 / CIP 104303 / KCTC 5404 / NCIMB 10678 / 9a) OX=1128398 GN=cspA2 PE=4 SV=1
P32081	A0A1W1UQ26	UP000192368	1	reciprocal_best_hit	65.6	64	67	65	95.5	3.39e-26	91.3	candidate_missing_structure	ortholog_candidate_requires_independent_function_and_structure_evidence	tr|A0A1W1UQ26|A0A1W1UQ26_PEPAS Cold shock protein (Beta-ribbon, CspA family) OS=Peptoniphilus asaccharolyticus DSM 20463 OX=573058 GN=SAMN00017477_0544 PE=4 SV=1
P32081	P0A9Y6	UP000000625	1	reciprocal_best_hit	67.2	64	67	69	94.0	1.08e-25	90.1	candidate_missing_structure	ortholog_candidate_requires_independent_function_and_structure_evidence	sp|P0A9Y6|CSPC_ECOLI Cold shock-like protein CspC OS=Escherichia coli (strain K12) OX=83333 GN=cspC PE=1 SV=2
P32081	P0A972	UP000000625	2	paralog_or_secondary_candidate	68.3	63	67	69	92.5	2.55e-24	86.7	candidate_missing_structure	unresolved_paralog_or_nonreciprocal_candidate	sp|P0A972|CSPE_ECOLI Cold shock-like protein CspE OS=Escherichia coli (strain K12) OX=83333 GN=cspE PE=1 SV=2
P32081	P0A9X9	UP000000625	3	paralog_or_secondary_candidate	62.5	64	67	70	94.0	6.17e-23	83.2	available_local_structure	unresolved_paralog_or_nonreciprocal_candidate	sp|P0A9X9|CSPA_ECOLI Cold shock protein CspA OS=Escherichia coli (strain K12) OX=83333 GN=cspA PE=1 SV=2
P32081	P36995	UP000000625	4	paralog_or_secondary_candidate	61.9	63	67	71	92.5	3.66e-22	81.3	candidate_missing_structure	unresolved_paralog_or_nonreciprocal_candidate	sp|P36995|CSPB_ECOLI Cold shock-like protein CspB OS=Escherichia coli (strain K12) OX=83333 GN=cspB PE=1 SV=1
P32081	P0A978	UP000000625	5	paralog_or_secondary_candidate	60.3	63	67	70	92.5	5.91e-21	78.2	candidate_missing_structure	unresolved_paralog_or_nonreciprocal_candidate	sp|P0A978|CSPG_ECOLI Cold shock-like protein CspG OS=Escherichia coli (strain K12) OX=83333 GN=cspG PE=1 SV=1
P32081	P0A986	UP000000625	6	paralog_or_secondary_candidate	60.3	63	67	70	92.5	2.81e-19	73.9	candidate_missing_structure	unresolved_paralog_or_nonreciprocal_candidate	sp|P0A986|CSPI_ECOLI Cold shock-like protein CspI OS=Escherichia coli (strain K12) OX=83333 GN=cspI PE=3 SV=1
P32081	A0A0F6B2E5	UP000002695	1	reciprocal_best_hit	67.2	64	67	69	94.0	1.08e-25	90.1	candidate_missing_structure	ortholog_candidate_requires_independent_function_and_structure_evidence	tr|A0A0F6B2E5|A0A0F6B2E5_SALT1 Cold shock-like protein CspC OS=Salmonella typhimurium (strain 14028s / SGSC 2262) OX=588858 GN=cspC PE=4 SV=1
P32081	A0A0F6AYC2	UP000002695	2	paralog_or_secondary_candidate	68.8	64	67	69	94.0	4.40e-25	88.6	candidate_missing_structure	unresolved_paralog_or_nonreciprocal_candidate	tr|A0A0F6AYC2|A0A0F6AYC2_SALT1 Cold shock protein CspE OS=Salmonella typhimurium (strain 14028s / SGSC 2262) OX=588858 GN=cspE PE=4 SV=1
P32081	A0A0F6B8D6	UP000002695	3	paralog_or_secondary_candidate	62.5	64	67	70	94.0	6.17e-23	83.2	candidate_missing_structure	unresolved_paralog_or_nonreciprocal_candidate	tr|A0A0F6B8D6|A0A0F6B8D6_SALT1 Major cold shock protein OS=Salmonella typhimurium (strain 14028s / SGSC 2262) OX=588858 GN=cspA PE=4 SV=1
P32081	A0A0F6B2Y3	UP000002695	4	paralog_or_secondary_candidate	58.7	63	67	70	92.5	3.42e-20	76.3	candidate_missing_structure	unresolved_paralog_or_nonreciprocal_candidate	tr|A0A0F6B2Y3|A0A0F6B2Y3_SALT1 Cold-shock protein OS=Salmonella typhimurium (strain 14028s / SGSC 2262) OX=588858 GN=cspB PE=4 SV=1
P32081	Q5SLW8	UP000000532	1	reciprocal_best_hit	59.1	66	67	73	95.5	8.12e-24	85.5	candidate_missing_structure	ortholog_candidate_requires_independent_function_and_structure_evidence	tr|Q5SLW8|Q5SLW8_THET8 Cold shock protein OS=Thermus thermophilus (strain ATCC 27634 / DSM 579 / HB8) OX=300852 GN=TTHA0175 PE=1 SV=1
P32081	Q5SLD4	UP000000532	2	paralog_or_secondary_candidate	56.7	67	67	68	97.0	1.96e-21	79.3	candidate_missing_structure	unresolved_paralog_or_nonreciprocal_candidate	tr|Q5SLD4|Q5SLD4_THET8 Cold shock protein OS=Thermus thermophilus (strain ATCC 27634 / DSM 579 / HB8) OX=300852 GN=TTHA0359 PE=4 SV=1
P32081	A0ACG8AP26	UP000595916	1	best_hit_nonreciprocal	59.7	62	67	68	91.0	1.18e-22	82.4	candidate_missing_structure	unresolved_paralog_or_nonreciprocal_candidate	tr|A0ACG8AP26|A0ACG8AP26_ALCXX Cold-shock protein OS=Alcaligenes xylosoxydans xylosoxydans OX=85698 GN=I6H41_21145 PE=4 SV=1
P32081	A0ACG8AWG3	UP000595916	2	paralog_or_secondary_candidate	60.9	64	67	67	94.0	5.47e-21	78.2	candidate_missing_structure	unresolved_paralog_or_nonreciprocal_candidate	tr|A0ACG8AWG3|A0ACG8AWG3_ALCXX Cold-shock protein OS=Alcaligenes xylosoxydans xylosoxydans OX=85698 GN=I6H41_09575 PE=4 SV=1
P32081	A0ACG8AX62	UP000595916	3	paralog_or_secondary_candidate	51.6	64	67	68	94.0	7.64e-19	72.8	candidate_missing_structure	unresolved_paralog_or_nonreciprocal_candidate	tr|A0ACG8AX62|A0ACG8AX62_ALCXX Cold-shock protein OS=Alcaligenes xylosoxydans xylosoxydans OX=85698 GN=I6H41_09565 PE=4 SV=1
P32081	A0A8I6WAU2	UP000011116	1	reciprocal_best_hit	63.9	61	67	85	89.6	6.18e-21	78.6	candidate_missing_structure	ortholog_candidate_requires_independent_function_and_structure_evidence	tr|A0A8I6WAU2|A0A8I6WAU2_HORVV Uncharacterized protein OS=Hordeum vulgare subsp. vulgare OX=112509 GN=LOC123425052 PE=4 SV=1
P32081	A0A8I6WHB3	UP000011116	2	paralog_or_secondary_candidate	60.3	63	67	68	92.5	2.67e-19	73.9	candidate_missing_structure	unresolved_paralog_or_nonreciprocal_candidate	tr|A0A8I6WHB3|A0A8I6WHB3_HORVV CSD domain-containing protein OS=Hordeum vulgare subsp. vulgare OX=112509 PE=4 SV=1
P32081	D5ANL8	UP000002361	1	best_hit_nonreciprocal	50.0	62	67	68	91.0	8.11e-14	60.1	candidate_missing_structure	unresolved_paralog_or_nonreciprocal_candidate	tr|D5ANL8|D5ANL8_RHOCB Cold shock protein CspA-1 OS=Rhodobacter capsulatus (strain ATCC BAA-309 / NBRC 16581 / SB1003) OX=272942 GN=cspA1 PE=4 SV=1
