resid	insertion_code	resname	chain	zone	facing	accessibility	extracellular	rsa
1		ALA	A	hydrophobic_core	pore	pore_lumen_facing	False	0.025
2		GLU	A	periplasmic_interface		periplasmic	False	0.243
3		ILE	A	periplasmic_interface		periplasmic	False	0.074
4		TYR	A	periplasmic_interface		periplasmic	False	0.056
5		ASN	A	periplasmic_interface		periplasmic	False	0.288
6		LYS	A	periplasmic		periplasmic	False	0.445
7		ASP	A	periplasmic		periplasmic	False	0.486
8		GLY	A	periplasmic		periplasmic	False	0.141
9		ASN	A	periplasmic_interface		periplasmic	False	0.0
10		LYS	A	periplasmic_interface		periplasmic	False	0.137
11		VAL	A	hydrophobic_core	pore	pore_lumen_facing	False	0.02
12		ASP	A	hydrophobic_core	lipid	lipid_embedded	False	0.076
13		LEU	A	hydrophobic_core	pore	pore_lumen_facing	False	0.053
14		TYR	A	hydrophobic_core	lipid	lipid_embedded	False	0.046
15		GLY	A	hydrophobic_core		lipid_embedded	False	0.009
16		LYS	A	hydrophobic_core	lipid	lipid_embedded	False	0.174
17		ALA	A	hydrophobic_core		lipid_embedded	False	0.004
18		VAL	A	hydrophobic_core		lipid_embedded	False	0.005
19		GLY	A	hydrophobic_core		lipid_embedded	False	0.0
20		LEU	A	hydrophobic_core	pore	pore_lumen_facing	False	0.0
21		HIS	A	hydrophobic_core	lipid	lipid_embedded	False	0.0
22		TYR	A	hydrophobic_core	pore	pore_lumen_facing	False	0.0
23		PHE	A	hydrophobic_core	lipid	lipid_embedded	False	0.002
24		SER	A	extracellular_interface		lps_shielded	False	0.104
25		LYS	A	extracellular		lps_shielded	True	0.507
26		GLY	A	extracellular		lps_shielded	True	0.671
27		ASN	A	extracellular		lps_shielded	True	0.592
28		GLY	A	extracellular		lps_shielded	False	0.073
29		GLU	A	extracellular		lps_shielded	True	0.67
30		ASN	A	extracellular		lps_shielded	True	0.373
31		SER	A	extracellular		lps_shielded	False	0.02
32		TYR	A	extracellular_interface		lps_shielded	False	0.101
33		GLY	A	extracellular_interface		lps_shielded	False	0.191
34		GLY	A	extracellular_interface		lps_shielded	False	0.057
35		ASN	A	extracellular_interface		lps_shielded	False	0.213
36		GLY	A	hydrophobic_core		lipid_embedded	False	0.039
37		ASP	A	hydrophobic_core	pore	pore_lumen_facing	False	0.03
38		MET	A	hydrophobic_core	lipid	lipid_embedded	False	0.092
39		THR	A	hydrophobic_core		lipid_embedded	False	0.003
40		TYR	A	hydrophobic_core	lipid	lipid_embedded	False	0.021
41		ALA	A	hydrophobic_core	pore	pore_lumen_facing	False	0.0
42		ARG	A	hydrophobic_core	lipid	lipid_embedded	False	0.095
43		LEU	A	hydrophobic_core	pore	pore_lumen_facing	False	0.035
44		GLY	A	hydrophobic_core		lipid_embedded	False	0.005
45		PHE	A	hydrophobic_core		lipid_embedded	False	0.008
46		LYS	A	hydrophobic_core	lipid	lipid_embedded	False	0.32
47		GLY	A	hydrophobic_core		lipid_embedded	False	0.044
48		GLU	A	hydrophobic_core	lipid	lipid_embedded	False	0.083
49		THR	A	hydrophobic_core	lipid	lipid_embedded	False	0.0
50		GLN	A	periplasmic_interface		periplasmic	False	0.46
51		ILE	A	periplasmic_interface		periplasmic	False	0.1
52		ASN	A	periplasmic		periplasmic	False	0.264
53		SER	A	periplasmic		periplasmic	False	0.714
54		ASP	A	periplasmic_interface		periplasmic	False	0.341
55		LEU	A	hydrophobic_core	lipid	lipid_embedded	False	0.063
56		THR	A	hydrophobic_core	pore	pore_lumen_facing	False	0.0
57		GLY	A	hydrophobic_core		lipid_embedded	False	0.0
58		TYR	A	hydrophobic_core	lipid	lipid_embedded	False	0.106
59		GLY	A	hydrophobic_core		lipid_embedded	False	0.026
60		GLN	A	hydrophobic_core	lipid	lipid_embedded	False	0.12
61		TRP	A	hydrophobic_core	pore	pore_lumen_facing	False	0.014
62		GLU	A	hydrophobic_core	lipid	lipid_embedded	False	0.0
63		TYR	A	hydrophobic_core	pore	pore_lumen_facing	False	0.0
64		ASN	A	hydrophobic_core	lipid	lipid_embedded	False	0.007
65		PHE	A	hydrophobic_core	pore	pore_lumen_facing	False	0.027
66		GLN	A	hydrophobic_core	lipid	lipid_embedded	False	0.006
67		GLY	A	hydrophobic_core		lipid_embedded	False	0.005
68		ASN	A	hydrophobic_core		lipid_embedded	False	0.049
69		ASN	A	hydrophobic_core	pore	pore_lumen_facing	False	0.0
70		SER	A	hydrophobic_core		lipid_embedded	False	0.0
71		GLU	A	hydrophobic_core	lipid	lipid_embedded	False	0.03
72		GLY	A	extracellular_interface		lps_shielded	False	0.062
73		ALA	A	extracellular		lps_shielded	True	0.62
74		ASP	A	extracellular_interface		lps_shielded	False	0.069
75		ALA	A	hydrophobic_core		lipid_embedded	False	0.0
76		GLN	A	hydrophobic_core	pore	pore_lumen_facing	False	0.04
77		THR	A	extracellular_interface		lps_shielded	False	0.356
78		GLY	A	hydrophobic_core		lipid_embedded	False	0.054
79		ASN	A	hydrophobic_core	pore	pore_lumen_facing	False	0.0
80		LYS	A	hydrophobic_core	lipid	lipid_embedded	False	0.021
81		THR	A	hydrophobic_core		lipid_embedded	False	0.003
82		ARG	A	hydrophobic_core	lipid	lipid_embedded	False	0.072
83		LEU	A	hydrophobic_core	lipid	lipid_embedded	False	0.025
84		ALA	A	hydrophobic_core	pore	pore_lumen_facing	False	0.008
85		PHE	A	hydrophobic_core	lipid	lipid_embedded	False	0.04
86		ALA	A	hydrophobic_core		lipid_embedded	False	0.003
87		GLY	A	hydrophobic_core		lipid_embedded	False	0.0
88		LEU	A	hydrophobic_core	lipid	lipid_embedded	False	0.165
89		LYS	A	hydrophobic_core	pore	pore_lumen_facing	False	0.171
90		TYR	A	hydrophobic_core	lipid	lipid_embedded	False	0.135
91		ALA	A	periplasmic_interface		periplasmic	False	0.113
92		ASP	A	hydrophobic_core	lipid	lipid_embedded	False	0.206
93		VAL	A	hydrophobic_core	lipid	lipid_embedded	False	0.24
94		GLY	A	hydrophobic_core		lipid_embedded	False	0.067
95		SER	A	hydrophobic_core	pore	pore_lumen_facing	False	0.115
96		PHE	A	hydrophobic_core	lipid	lipid_embedded	False	0.212
97		ASP	A	hydrophobic_core	pore	pore_lumen_facing	False	0.021
98		TYR	A	hydrophobic_core		lipid_embedded	False	0.0
99		GLY	A	hydrophobic_core		lipid_embedded	False	0.0
100		ARG	A	hydrophobic_core	pore	pore_lumen_facing	False	0.0
101		ASN	A	hydrophobic_core	lipid	lipid_embedded	False	0.0
102		TYR	A	hydrophobic_core	pore	pore_lumen_facing	False	0.104
103		GLY	A	hydrophobic_core		lipid_embedded	False	0.0
104		VAL	A	hydrophobic_core	lipid	lipid_embedded	False	0.0
105		VAL	A	hydrophobic_core	lipid	lipid_embedded	False	0.0
106		TYR	A	hydrophobic_core	pore	pore_lumen_facing	False	0.144
107		ASP	A	hydrophobic_core		lipid_embedded	False	0.045
108		ALA	A	hydrophobic_core	lipid	lipid_embedded	False	0.0
109		LEU	A	hydrophobic_core		lipid_embedded	False	0.003
110		GLY	A	hydrophobic_core		lipid_embedded	False	0.084
111		TYR	A	hydrophobic_core	lipid	lipid_embedded	False	0.0
112		THR	A	hydrophobic_core	lipid	lipid_embedded	False	0.0
113		ASP	A	hydrophobic_core	pore	pore_lumen_facing	False	0.174
114		MET	A	hydrophobic_core	lipid	lipid_embedded	False	0.248
115		LEU	A	hydrophobic_core	lipid	lipid_embedded	False	0.033
116		PRO	A	hydrophobic_core	lipid	lipid_embedded	False	0.065
117		GLU	A	hydrophobic_core	pore	pore_lumen_facing	False	0.042
118		PHE	A	hydrophobic_core		lipid_embedded	False	0.004
119		GLY	A	hydrophobic_core		lipid_embedded	False	0.06
120		GLY	A	hydrophobic_core		lipid_embedded	False	0.013
121		ASP	A	hydrophobic_core	lipid	lipid_embedded	False	0.047
122		THR	A	hydrophobic_core	lipid	lipid_embedded	False	0.0
123		ALA	A	hydrophobic_core		lipid_embedded	False	0.0
124		TYR	A	hydrophobic_core	lipid	lipid_embedded	False	0.102
125		SER	A	hydrophobic_core	pore	pore_lumen_facing	False	0.0
126		ASP	A	hydrophobic_core	pore	pore_lumen_facing	False	0.0
127		ASP	A	extracellular_interface		lps_shielded	False	0.002
128		PHE	A	hydrophobic_core	lipid	lipid_embedded	False	0.004
129		PHE	A	hydrophobic_core	lipid	lipid_embedded	False	0.004
130		VAL	A	hydrophobic_core	lipid	lipid_embedded	False	0.0
131		GLY	A	hydrophobic_core		lipid_embedded	False	0.0
132		ARG	A	hydrophobic_core	pore	pore_lumen_facing	False	0.025
133		VAL	A	hydrophobic_core	lipid	lipid_embedded	False	0.0
134		GLY	A	hydrophobic_core		lipid_embedded	False	0.0
135		GLY	A	hydrophobic_core		lipid_embedded	False	0.0
136		VAL	A	hydrophobic_core	pore	pore_lumen_facing	False	0.0
137		ALA	A	hydrophobic_core	lipid	lipid_embedded	False	0.011
138		THR	A	hydrophobic_core	pore	pore_lumen_facing	False	0.0
139		TYR	A	hydrophobic_core	lipid	lipid_embedded	False	0.09
140		ARG	A	hydrophobic_core	pore	pore_lumen_facing	False	0.128
141		ASN	A	hydrophobic_core	lipid	lipid_embedded	False	0.0
142		SER	A	hydrophobic_core	pore	pore_lumen_facing	False	0.216
143		ASN	A	hydrophobic_core	pore	pore_lumen_facing	False	0.009
144		PHE	A	hydrophobic_core	lipid	lipid_embedded	False	0.321
145		PHE	A	hydrophobic_core	lipid	lipid_embedded	False	0.273
146		GLY	A	periplasmic_interface		periplasmic	False	0.284
147		LEU	A	periplasmic_interface		periplasmic	False	0.226
148		VAL	A	hydrophobic_core	lipid	lipid_embedded	False	0.153
149		ASP	A	periplasmic_interface		periplasmic	False	0.376
150		GLY	A	hydrophobic_core		lipid_embedded	False	0.039
151		LEU	A	hydrophobic_core	lipid	lipid_embedded	False	0.223
152		ASN	A	hydrophobic_core	pore	pore_lumen_facing	False	0.117
153		PHE	A	hydrophobic_core	lipid	lipid_embedded	False	0.235
154		ALA	A	hydrophobic_core	pore	pore_lumen_facing	False	0.038
155		VAL	A	hydrophobic_core	lipid	lipid_embedded	False	0.171
156		GLN	A	hydrophobic_core	pore	pore_lumen_facing	False	0.0
157		TYR	A	hydrophobic_core	lipid	lipid_embedded	False	0.18
158		LEU	A	hydrophobic_core	pore	pore_lumen_facing	False	0.0
159		GLY	A	hydrophobic_core		lipid_embedded	False	0.0
160		LYS	A	extracellular_interface		lps_shielded	False	0.248
161		ASN	A	extracellular_interface		lps_shielded	False	0.0
162		GLU	A	extracellular		lps_shielded	True	0.373
163		ARG	A	extracellular		lps_shielded	False	0.034
164		ASP	A	extracellular		lps_shielded	True	0.642
165		THR	A	extracellular		lps_shielded	False	0.156
166		ALA	A	extracellular		lps_shielded	False	0.008
167		ARG	A	extracellular		lps_shielded	False	0.06
168		ARG	A	extracellular		lps_shielded	False	0.08
169		SER	A	extracellular		lps_shielded	False	0.0
170		ASN	A	extracellular_interface		lps_shielded	False	0.0
171		GLY	A	extracellular		lps_shielded	False	0.0
172		ASP	A	extracellular_interface		lps_shielded	False	0.275
173		GLY	A	hydrophobic_core		lipid_embedded	False	0.01
174		VAL	A	hydrophobic_core	lipid	lipid_embedded	False	0.078
175		GLY	A	hydrophobic_core		lipid_embedded	False	0.042
176		GLY	A	hydrophobic_core		lipid_embedded	False	0.132
177		SER	A	hydrophobic_core	pore	pore_lumen_facing	False	0.012
178		ILE	A	hydrophobic_core	lipid	lipid_embedded	False	0.337
179		SER	A	hydrophobic_core	pore	pore_lumen_facing	False	0.0
180		TYR	A	hydrophobic_core	lipid	lipid_embedded	False	0.203
181		GLU	A	hydrophobic_core	pore	pore_lumen_facing	False	0.242
182		TYR	A	hydrophobic_core	lipid	lipid_embedded	False	0.253
183		GLU	A	hydrophobic_core	lipid	lipid_embedded	False	0.278
184		GLY	A	hydrophobic_core		lipid_embedded	False	0.074
185		PHE	A	hydrophobic_core	lipid	lipid_embedded	False	0.372
186		GLY	A	hydrophobic_core		lipid_embedded	False	0.028
187		ILE	A	hydrophobic_core	lipid	lipid_embedded	False	0.319
188		VAL	A	hydrophobic_core	pore	pore_lumen_facing	False	0.013
189		GLY	A	hydrophobic_core		lipid_embedded	False	0.0
190		ALA	A	hydrophobic_core	pore	pore_lumen_facing	False	0.0
191		TYR	A	hydrophobic_core	lipid	lipid_embedded	False	0.068
192		GLY	A	hydrophobic_core		lipid_embedded	False	0.004
193		ALA	A	hydrophobic_core	lipid	lipid_embedded	False	0.047
194		ALA	A	extracellular_interface		lps_shielded	False	0.0
195		ASP	A	extracellular		lps_shielded	True	0.268
196		ARG	A	extracellular		lps_shielded	False	0.034
197		THR	A	extracellular		lps_shielded	False	0.003
198		ASN	A	extracellular		antibody_accessible	True	0.626
199		LEU	A	extracellular		antibody_accessible	True	0.299
200		GLN	A	extracellular		buried_interior	False	0.0
201		GLU	A	extracellular		antibody_accessible	True	0.291
202		ALA	A	extracellular		antibody_accessible	True	0.575
203		GLN	A	extracellular		buried_interior	False	0.16
204		PRO	A	extracellular		antibody_accessible	True	0.537
205		LEU	A	extracellular		buried_interior	False	0.048
206		GLY	A	extracellular		buried_interior	False	0.094
207		ASN	A	extracellular		antibody_accessible	True	0.647
208		GLY	A	extracellular		buried_interior	False	0.169
209		LYS	A	extracellular		antibody_accessible	True	0.621
210		LYS	A	extracellular		lps_shielded	True	0.35
211		ALA	A	extracellular		lps_shielded	False	0.021
212		GLU	A	extracellular_interface		lps_shielded	False	0.278
213		GLN	A	hydrophobic_core	pore	pore_lumen_facing	False	0.008
214		TRP	A	hydrophobic_core	lipid	lipid_embedded	False	0.048
215		ALA	A	hydrophobic_core	pore	pore_lumen_facing	False	0.0
216		THR	A	hydrophobic_core	lipid	lipid_embedded	False	0.205
217		GLY	A	hydrophobic_core		lipid_embedded	False	0.022
218		LEU	A	hydrophobic_core	lipid	lipid_embedded	False	0.446
219		LYS	A	hydrophobic_core	pore	pore_lumen_facing	False	0.074
220		TYR	A	hydrophobic_core	lipid	lipid_embedded	False	0.111
221		ASP	A	hydrophobic_core	pore	pore_lumen_facing	False	0.22
222		ALA	A	hydrophobic_core	lipid	lipid_embedded	False	0.0
223		ASN	A	periplasmic_interface		periplasmic	False	0.227
224		ASN	A	hydrophobic_core		lipid_embedded	False	0.07
225		ILE	A	hydrophobic_core	lipid	lipid_embedded	False	0.161
226		TYR	A	hydrophobic_core	pore	pore_lumen_facing	False	0.019
227		LEU	A	hydrophobic_core	lipid	lipid_embedded	False	0.304
228		ALA	A	hydrophobic_core	pore	pore_lumen_facing	False	0.027
229		ALA	A	hydrophobic_core	lipid	lipid_embedded	False	0.179
230		ASN	A	hydrophobic_core	pore	pore_lumen_facing	False	0.011
231		TYR	A	hydrophobic_core	lipid	lipid_embedded	False	0.032
232		GLY	A	hydrophobic_core		lipid_embedded	False	0.0
233		GLU	A	extracellular_interface		lps_shielded	False	0.095
234		THR	A	extracellular_interface		lps_shielded	False	0.009
235		ARG	A	extracellular		lps_shielded	True	0.331
236		ASN	A	extracellular		lps_shielded	False	0.063
237		ALA	A	extracellular		lps_shielded	False	0.0
238		THR	A	extracellular		lps_shielded	False	0.0
239		PRO	A	extracellular		lps_shielded	False	0.115
240		ILE	A	extracellular		lps_shielded	False	0.013
241		THR	A	extracellular		antibody_accessible	True	0.291
242		ASN	A	extracellular		buried_interior	False	0.08
243		LYS	A	extracellular		antibody_accessible	True	0.368
244		PHE	A	extracellular		antibody_accessible	True	0.597
245		THR	A	extracellular		antibody_accessible	True	0.466
246		ASN	A	extracellular		antibody_accessible	True	0.628
247		THR	A	extracellular		antibody_accessible	False	0.201
248		SER	A	extracellular		antibody_accessible	False	0.208
249		GLY	A	extracellular		buried_interior	False	0.005
250		PHE	A	extracellular		lps_shielded	False	0.004
251		ALA	A	extracellular		lps_shielded	False	0.0
252		ASN	A	extracellular		buried_interior	False	0.138
253		LYS	A	extracellular		lps_shielded	False	0.123
254		THR	A	extracellular		lps_shielded	False	0.0
255		GLN	A	extracellular_interface		lps_shielded	False	0.246
256		ASP	A	hydrophobic_core	pore	pore_lumen_facing	False	0.0
257		VAL	A	hydrophobic_core	lipid	lipid_embedded	False	0.084
258		LEU	A	hydrophobic_core	pore	pore_lumen_facing	False	0.0
259		LEU	A	hydrophobic_core	lipid	lipid_embedded	False	0.168
260		VAL	A	hydrophobic_core	pore	pore_lumen_facing	False	0.0
261		ALA	A	hydrophobic_core	lipid	lipid_embedded	False	0.086
262		GLN	A	hydrophobic_core	pore	pore_lumen_facing	False	0.0
263		TYR	A	hydrophobic_core	lipid	lipid_embedded	False	0.105
264		GLN	A	hydrophobic_core	pore	pore_lumen_facing	False	0.059
265		PHE	A	hydrophobic_core	lipid	lipid_embedded	False	0.187
266		ASP	A	periplasmic_interface		periplasmic	False	0.491
267		PHE	A	periplasmic_interface		periplasmic	False	0.159
268		GLY	A	hydrophobic_core		lipid_embedded	False	0.0
269		LEU	A	hydrophobic_core	lipid	lipid_embedded	False	0.213
270		ARG	A	hydrophobic_core	pore	pore_lumen_facing	False	0.111
271		PRO	A	hydrophobic_core	lipid	lipid_embedded	False	0.063
272		SER	A	hydrophobic_core	pore	pore_lumen_facing	False	0.0
273		ILE	A	hydrophobic_core	lipid	lipid_embedded	False	0.209
274		ALA	A	hydrophobic_core	pore	pore_lumen_facing	False	0.017
275		TYR	A	hydrophobic_core	lipid	lipid_embedded	False	0.024
276		THR	A	hydrophobic_core	pore	pore_lumen_facing	False	0.0
277		LYS	A	hydrophobic_core	lipid	lipid_embedded	False	0.255
278		SER	A	extracellular_interface		lps_shielded	False	0.0
279		LYS	A	extracellular		lps_shielded	False	0.16
280		ALA	A	extracellular		lps_shielded	False	0.0
281		LYS	A	extracellular		lps_shielded	False	0.134
282		ASP	A	extracellular		antibody_accessible	True	0.516
283		VAL	A	extracellular		buried_interior	False	0.023
284		GLU	A	extracellular		antibody_accessible	True	0.291
285		GLY	A	extracellular		antibody_accessible	True	0.812
286		ILE	A	extracellular		antibody_accessible	False	0.209
287		GLY	A	extracellular		antibody_accessible	True	0.264
288		ASP	A	extracellular		antibody_accessible	True	0.377
289		VAL	A	extracellular		buried_interior	False	0.0
290		ASP	A	extracellular		lps_shielded	False	0.056
291		LEU	A	extracellular		lps_shielded	False	0.061
292		VAL	A	extracellular_interface		lps_shielded	False	0.055
293		ASN	A	extracellular_interface		lps_shielded	False	0.051
294		TYR	A	hydrophobic_core	pore	pore_lumen_facing	False	0.0
295		PHE	A	hydrophobic_core	lipid	lipid_embedded	False	0.082
296		GLU	A	hydrophobic_core	pore	pore_lumen_facing	False	0.01
297		VAL	A	hydrophobic_core	lipid	lipid_embedded	False	0.121
298		GLY	A	hydrophobic_core		lipid_embedded	False	0.0
299		ALA	A	hydrophobic_core	lipid	lipid_embedded	False	0.055
300		THR	A	hydrophobic_core	pore	pore_lumen_facing	False	0.0
301		TYR	A	hydrophobic_core	lipid	lipid_embedded	False	0.139
302		TYR	A	hydrophobic_core	pore	pore_lumen_facing	False	0.194
303		PHE	A	hydrophobic_core	lipid	lipid_embedded	False	0.122
304		ASN	A	hydrophobic_core	pore	pore_lumen_facing	False	0.015
305		LYS	A	hydrophobic_core	pore	pore_lumen_facing	False	0.187
306		ASN	A	hydrophobic_core	pore	pore_lumen_facing	False	0.012
307		MET	A	hydrophobic_core		lipid_embedded	False	0.0
308		SER	A	hydrophobic_core	pore	pore_lumen_facing	False	0.0
309		THR	A	hydrophobic_core	lipid	lipid_embedded	False	0.163
310		TYR	A	hydrophobic_core	pore	pore_lumen_facing	False	0.023
311		VAL	A	hydrophobic_core	lipid	lipid_embedded	False	0.15
312		ASP	A	hydrophobic_core	pore	pore_lumen_facing	False	0.0
313		TYR	A	hydrophobic_core	lipid	lipid_embedded	False	0.046
314		ILE	A	hydrophobic_core	pore	pore_lumen_facing	False	0.0
315		ILE	A	hydrophobic_core	lipid	lipid_embedded	False	0.059
316		ASN	A	extracellular_interface		lps_shielded	False	0.005
317		GLN	A	extracellular_interface		lps_shielded	False	0.222
318		ILE	A	extracellular		lps_shielded	False	0.0
319		ASP	A	extracellular		lps_shielded	True	0.35
320		SER	A	extracellular		antibody_accessible	True	0.638
321		ASP	A	extracellular		antibody_accessible	True	0.579
322		ASN	A	extracellular		buried_interior	False	0.026
323		LYS	A	extracellular		antibody_accessible	True	0.427
324		LEU	A	extracellular		buried_interior	False	0.003
325		GLY	A	extracellular		buried_interior	False	0.128
326		VAL	A	extracellular		lps_shielded	False	0.063
327		GLY	A	extracellular		lps_shielded	False	0.0
328		SER	A	extracellular		lps_shielded	False	0.073
329		ASP	A	extracellular		lps_shielded	False	0.153
330		ASP	A	extracellular_interface		lps_shielded	False	0.068
331		THR	A	hydrophobic_core	pore	pore_lumen_facing	False	0.0
332		VAL	A	hydrophobic_core	lipid	lipid_embedded	False	0.0
333		ALA	A	hydrophobic_core	pore	pore_lumen_facing	False	0.0
334		VAL	A	hydrophobic_core	lipid	lipid_embedded	False	0.116
335		GLY	A	hydrophobic_core		lipid_embedded	False	0.013
336		ILE	A	hydrophobic_core	lipid	lipid_embedded	False	0.046
337		VAL	A	hydrophobic_core		lipid_embedded	False	0.029
338		TYR	A	hydrophobic_core	pore	pore_lumen_facing	False	0.0
339		GLN	A	hydrophobic_core	lipid	lipid_embedded	False	0.257
340		PHE	A	hydrophobic_core	pore	pore_lumen_facing	False	0.101
1		ALA	B	hydrophobic_core	pore	pore_lumen_facing	False	0.014
2		GLU	B	periplasmic_interface		periplasmic	False	0.25
3		ILE	B	periplasmic_interface		periplasmic	False	0.071
4		TYR	B	periplasmic_interface		periplasmic	False	0.063
5		ASN	B	periplasmic_interface		periplasmic	False	0.3
6		LYS	B	periplasmic		periplasmic	False	0.453
7		ASP	B	periplasmic		periplasmic	False	0.504
8		GLY	B	periplasmic		periplasmic	False	0.146
9		ASN	B	periplasmic_interface		periplasmic	False	0.0
10		LYS	B	periplasmic_interface		periplasmic	False	0.14
11		VAL	B	hydrophobic_core	pore	pore_lumen_facing	False	0.02
12		ASP	B	hydrophobic_core	lipid	lipid_embedded	False	0.081
13		LEU	B	hydrophobic_core	pore	pore_lumen_facing	False	0.05
14		TYR	B	hydrophobic_core	lipid	lipid_embedded	False	0.05
15		GLY	B	hydrophobic_core		lipid_embedded	False	0.013
16		LYS	B	hydrophobic_core	lipid	lipid_embedded	False	0.181
17		ALA	B	hydrophobic_core		lipid_embedded	False	0.0
18		VAL	B	hydrophobic_core		lipid_embedded	False	0.011
19		GLY	B	hydrophobic_core		lipid_embedded	False	0.0
20		LEU	B	hydrophobic_core	pore	pore_lumen_facing	False	0.0
21		HIS	B	hydrophobic_core	lipid	lipid_embedded	False	0.0
22		TYR	B	hydrophobic_core	pore	pore_lumen_facing	False	0.0
23		PHE	B	hydrophobic_core	lipid	lipid_embedded	False	0.008
24		SER	B	extracellular_interface		lps_shielded	False	0.092
25		LYS	B	extracellular		lps_shielded	True	0.492
26		GLY	B	extracellular		lps_shielded	True	0.675
27		ASN	B	extracellular		lps_shielded	True	0.597
28		GLY	B	extracellular		lps_shielded	False	0.069
29		GLU	B	extracellular		lps_shielded	True	0.673
30		ASN	B	extracellular		lps_shielded	True	0.371
31		SER	B	extracellular		lps_shielded	False	0.017
32		TYR	B	extracellular_interface		lps_shielded	False	0.101
33		GLY	B	extracellular_interface		lps_shielded	False	0.2
34		GLY	B	extracellular_interface		lps_shielded	False	0.051
35		ASN	B	extracellular_interface		lps_shielded	False	0.214
36		GLY	B	hydrophobic_core		lipid_embedded	False	0.039
37		ASP	B	hydrophobic_core	pore	pore_lumen_facing	False	0.023
38		MET	B	hydrophobic_core	lipid	lipid_embedded	False	0.094
39		THR	B	hydrophobic_core		lipid_embedded	False	0.003
40		TYR	B	hydrophobic_core	lipid	lipid_embedded	False	0.025
41		ALA	B	hydrophobic_core	pore	pore_lumen_facing	False	0.004
42		ARG	B	hydrophobic_core	lipid	lipid_embedded	False	0.088
43		LEU	B	hydrophobic_core	pore	pore_lumen_facing	False	0.038
44		GLY	B	hydrophobic_core		lipid_embedded	False	0.0
45		PHE	B	hydrophobic_core		lipid_embedded	False	0.002
46		LYS	B	hydrophobic_core	lipid	lipid_embedded	False	0.306
47		GLY	B	hydrophobic_core		lipid_embedded	False	0.04
48		GLU	B	hydrophobic_core	lipid	lipid_embedded	False	0.084
49		THR	B	hydrophobic_core	lipid	lipid_embedded	False	0.0
50		GLN	B	periplasmic_interface		periplasmic	False	0.457
51		ILE	B	periplasmic_interface		periplasmic	False	0.1
52		ASN	B	periplasmic		periplasmic	False	0.264
53		SER	B	periplasmic		periplasmic	False	0.736
54		ASP	B	periplasmic_interface		periplasmic	False	0.346
55		LEU	B	hydrophobic_core	lipid	lipid_embedded	False	0.068
56		THR	B	hydrophobic_core	pore	pore_lumen_facing	False	0.0
57		GLY	B	hydrophobic_core		lipid_embedded	False	0.0
58		TYR	B	hydrophobic_core	lipid	lipid_embedded	False	0.104
59		GLY	B	hydrophobic_core		lipid_embedded	False	0.031
60		GLN	B	hydrophobic_core	lipid	lipid_embedded	False	0.126
61		TRP	B	hydrophobic_core	pore	pore_lumen_facing	False	0.012
62		GLU	B	hydrophobic_core	lipid	lipid_embedded	False	0.0
63		TYR	B	hydrophobic_core	pore	pore_lumen_facing	False	0.0
64		ASN	B	hydrophobic_core	lipid	lipid_embedded	False	0.005
65		PHE	B	hydrophobic_core	pore	pore_lumen_facing	False	0.027
66		GLN	B	hydrophobic_core	lipid	lipid_embedded	False	0.01
67		GLY	B	hydrophobic_core		lipid_embedded	False	0.005
68		ASN	B	hydrophobic_core		lipid_embedded	False	0.047
69		ASN	B	hydrophobic_core	pore	pore_lumen_facing	False	0.0
70		SER	B	hydrophobic_core		lipid_embedded	False	0.0
71		GLU	B	hydrophobic_core	lipid	lipid_embedded	False	0.024
72		GLY	B	extracellular_interface		lps_shielded	False	0.058
73		ALA	B	extracellular		lps_shielded	True	0.609
74		ASP	B	extracellular_interface		lps_shielded	False	0.067
75		ALA	B	hydrophobic_core		lipid_embedded	False	0.0
76		GLN	B	hydrophobic_core	pore	pore_lumen_facing	False	0.034
77		THR	B	extracellular_interface		lps_shielded	False	0.345
78		GLY	B	hydrophobic_core		lipid_embedded	False	0.05
79		ASN	B	hydrophobic_core	pore	pore_lumen_facing	False	0.0
80		LYS	B	hydrophobic_core	lipid	lipid_embedded	False	0.017
81		THR	B	hydrophobic_core		lipid_embedded	False	0.003
82		ARG	B	hydrophobic_core	lipid	lipid_embedded	False	0.072
83		LEU	B	hydrophobic_core	lipid	lipid_embedded	False	0.023
84		ALA	B	hydrophobic_core	pore	pore_lumen_facing	False	0.023
85		PHE	B	hydrophobic_core	lipid	lipid_embedded	False	0.042
86		ALA	B	hydrophobic_core		lipid_embedded	False	0.003
87		GLY	B	hydrophobic_core		lipid_embedded	False	0.0
88		LEU	B	hydrophobic_core	lipid	lipid_embedded	False	0.168
89		LYS	B	hydrophobic_core	pore	pore_lumen_facing	False	0.169
90		TYR	B	hydrophobic_core	lipid	lipid_embedded	False	0.133
91		ALA	B	periplasmic_interface		periplasmic	False	0.124
92		ASP	B	hydrophobic_core	lipid	lipid_embedded	False	0.211
93		VAL	B	hydrophobic_core	lipid	lipid_embedded	False	0.231
94		GLY	B	hydrophobic_core		lipid_embedded	False	0.067
95		SER	B	hydrophobic_core	pore	pore_lumen_facing	False	0.118
96		PHE	B	hydrophobic_core	lipid	lipid_embedded	False	0.237
97		ASP	B	hydrophobic_core	pore	pore_lumen_facing	False	0.025
98		TYR	B	hydrophobic_core		lipid_embedded	False	0.0
99		GLY	B	hydrophobic_core		lipid_embedded	False	0.0
100		ARG	B	hydrophobic_core	pore	pore_lumen_facing	False	0.0
101		ASN	B	hydrophobic_core	lipid	lipid_embedded	False	0.0
102		TYR	B	hydrophobic_core	pore	pore_lumen_facing	False	0.095
103		GLY	B	hydrophobic_core		lipid_embedded	False	0.0
104		VAL	B	hydrophobic_core	lipid	lipid_embedded	False	0.0
105		VAL	B	hydrophobic_core	lipid	lipid_embedded	False	0.0
106		TYR	B	hydrophobic_core	pore	pore_lumen_facing	False	0.144
107		ASP	B	hydrophobic_core		lipid_embedded	False	0.042
108		ALA	B	hydrophobic_core	lipid	lipid_embedded	False	0.0
109		LEU	B	hydrophobic_core		lipid_embedded	False	0.0
110		GLY	B	hydrophobic_core		lipid_embedded	False	0.075
111		TYR	B	hydrophobic_core	lipid	lipid_embedded	False	0.0
112		THR	B	hydrophobic_core	lipid	lipid_embedded	False	0.0
113		ASP	B	hydrophobic_core	pore	pore_lumen_facing	False	0.153
114		MET	B	hydrophobic_core	lipid	lipid_embedded	False	0.248
115		LEU	B	hydrophobic_core	lipid	lipid_embedded	False	0.033
116		PRO	B	hydrophobic_core	lipid	lipid_embedded	False	0.065
117		GLU	B	hydrophobic_core	pore	pore_lumen_facing	False	0.044
118		PHE	B	hydrophobic_core		lipid_embedded	False	0.006
119		GLY	B	hydrophobic_core		lipid_embedded	False	0.047
120		GLY	B	hydrophobic_core		lipid_embedded	False	0.013
121		ASP	B	hydrophobic_core	lipid	lipid_embedded	False	0.047
122		THR	B	hydrophobic_core	lipid	lipid_embedded	False	0.0
123		ALA	B	hydrophobic_core		lipid_embedded	False	0.0
124		TYR	B	hydrophobic_core	lipid	lipid_embedded	False	0.107
125		SER	B	hydrophobic_core	pore	pore_lumen_facing	False	0.0
126		ASP	B	hydrophobic_core	pore	pore_lumen_facing	False	0.0
127		ASP	B	extracellular_interface		lps_shielded	False	0.0
128		PHE	B	hydrophobic_core	lipid	lipid_embedded	False	0.008
129		PHE	B	hydrophobic_core	lipid	lipid_embedded	False	0.002
130		VAL	B	hydrophobic_core	lipid	lipid_embedded	False	0.0
131		GLY	B	hydrophobic_core		lipid_embedded	False	0.0
132		ARG	B	hydrophobic_core	pore	pore_lumen_facing	False	0.023
133		VAL	B	hydrophobic_core	lipid	lipid_embedded	False	0.0
134		GLY	B	hydrophobic_core		lipid_embedded	False	0.0
135		GLY	B	hydrophobic_core		lipid_embedded	False	0.0
136		VAL	B	hydrophobic_core	pore	pore_lumen_facing	False	0.0
137		ALA	B	hydrophobic_core	lipid	lipid_embedded	False	0.011
138		THR	B	hydrophobic_core	pore	pore_lumen_facing	False	0.0
139		TYR	B	hydrophobic_core	lipid	lipid_embedded	False	0.095
140		ARG	B	hydrophobic_core	pore	pore_lumen_facing	False	0.13
141		ASN	B	hydrophobic_core	lipid	lipid_embedded	False	0.0
142		SER	B	hydrophobic_core	pore	pore_lumen_facing	False	0.221
143		ASN	B	hydrophobic_core	pore	pore_lumen_facing	False	0.007
144		PHE	B	hydrophobic_core	lipid	lipid_embedded	False	0.331
145		PHE	B	hydrophobic_core	lipid	lipid_embedded	False	0.256
146		GLY	B	periplasmic_interface		periplasmic	False	0.276
147		LEU	B	periplasmic_interface		periplasmic	False	0.224
148		VAL	B	hydrophobic_core	lipid	lipid_embedded	False	0.171
149		ASP	B	periplasmic_interface		periplasmic	False	0.379
150		GLY	B	hydrophobic_core		lipid_embedded	False	0.029
151		LEU	B	hydrophobic_core	lipid	lipid_embedded	False	0.213
152		ASN	B	hydrophobic_core	pore	pore_lumen_facing	False	0.11
153		PHE	B	hydrophobic_core	lipid	lipid_embedded	False	0.229
154		ALA	B	hydrophobic_core	pore	pore_lumen_facing	False	0.038
155		VAL	B	hydrophobic_core	lipid	lipid_embedded	False	0.179
156		GLN	B	hydrophobic_core	pore	pore_lumen_facing	False	0.0
157		TYR	B	hydrophobic_core	lipid	lipid_embedded	False	0.185
158		LEU	B	hydrophobic_core	pore	pore_lumen_facing	False	0.0
159		GLY	B	hydrophobic_core		lipid_embedded	False	0.0
160		LYS	B	extracellular_interface		lps_shielded	False	0.251
161		ASN	B	extracellular_interface		lps_shielded	False	0.0
162		GLU	B	extracellular		lps_shielded	True	0.377
163		ARG	B	extracellular		lps_shielded	False	0.033
164		ASP	B	extracellular		lps_shielded	True	0.649
165		THR	B	extracellular		lps_shielded	False	0.159
166		ALA	B	extracellular		lps_shielded	False	0.012
167		ARG	B	extracellular		lps_shielded	False	0.058
168		ARG	B	extracellular		lps_shielded	False	0.08
169		SER	B	extracellular		lps_shielded	False	0.0
170		ASN	B	extracellular_interface		lps_shielded	False	0.0
171		GLY	B	extracellular		lps_shielded	False	0.0
172		ASP	B	extracellular_interface		lps_shielded	False	0.266
173		GLY	B	hydrophobic_core		lipid_embedded	False	0.01
174		VAL	B	hydrophobic_core	lipid	lipid_embedded	False	0.084
175		GLY	B	hydrophobic_core		lipid_embedded	False	0.047
176		GLY	B	hydrophobic_core		lipid_embedded	False	0.132
177		SER	B	hydrophobic_core	pore	pore_lumen_facing	False	0.009
178		ILE	B	hydrophobic_core	lipid	lipid_embedded	False	0.337
179		SER	B	hydrophobic_core	pore	pore_lumen_facing	False	0.0
180		TYR	B	hydrophobic_core	lipid	lipid_embedded	False	0.208
181		GLU	B	hydrophobic_core	pore	pore_lumen_facing	False	0.227
182		TYR	B	hydrophobic_core	lipid	lipid_embedded	False	0.269
183		GLU	B	hydrophobic_core	lipid	lipid_embedded	False	0.281
184		GLY	B	hydrophobic_core		lipid_embedded	False	0.06
185		PHE	B	hydrophobic_core	lipid	lipid_embedded	False	0.389
186		GLY	B	hydrophobic_core		lipid_embedded	False	0.027
187		ILE	B	hydrophobic_core	lipid	lipid_embedded	False	0.309
188		VAL	B	hydrophobic_core	pore	pore_lumen_facing	False	0.013
189		GLY	B	hydrophobic_core		lipid_embedded	False	0.0
190		ALA	B	hydrophobic_core	pore	pore_lumen_facing	False	0.0
191		TYR	B	hydrophobic_core	lipid	lipid_embedded	False	0.075
192		GLY	B	hydrophobic_core		lipid_embedded	False	0.0
193		ALA	B	hydrophobic_core	lipid	lipid_embedded	False	0.047
194		ALA	B	extracellular_interface		lps_shielded	False	0.004
195		ASP	B	extracellular		lps_shielded	True	0.258
196		ARG	B	extracellular		lps_shielded	False	0.034
197		THR	B	extracellular		lps_shielded	False	0.003
198		ASN	B	extracellular		antibody_accessible	True	0.601
199		LEU	B	extracellular		antibody_accessible	True	0.289
200		GLN	B	extracellular		buried_interior	False	0.0
201		GLU	B	extracellular		antibody_accessible	True	0.293
202		ALA	B	extracellular		antibody_accessible	True	0.579
203		GLN	B	extracellular		buried_interior	False	0.162
204		PRO	B	extracellular		antibody_accessible	True	0.535
205		LEU	B	extracellular		buried_interior	False	0.043
206		GLY	B	extracellular		buried_interior	False	0.077
207		ASN	B	extracellular		antibody_accessible	True	0.642
208		GLY	B	extracellular		buried_interior	False	0.173
209		LYS	B	extracellular		antibody_accessible	True	0.631
210		LYS	B	extracellular		lps_shielded	True	0.34
211		ALA	B	extracellular		lps_shielded	False	0.022
212		GLU	B	extracellular_interface		lps_shielded	False	0.296
213		GLN	B	hydrophobic_core	pore	pore_lumen_facing	False	0.01
214		TRP	B	hydrophobic_core	lipid	lipid_embedded	False	0.05
215		ALA	B	hydrophobic_core	pore	pore_lumen_facing	False	0.0
216		THR	B	hydrophobic_core	lipid	lipid_embedded	False	0.2
217		GLY	B	hydrophobic_core		lipid_embedded	False	0.013
218		LEU	B	hydrophobic_core	lipid	lipid_embedded	False	0.434
219		LYS	B	hydrophobic_core	pore	pore_lumen_facing	False	0.074
220		TYR	B	hydrophobic_core	lipid	lipid_embedded	False	0.113
221		ASP	B	hydrophobic_core	pore	pore_lumen_facing	False	0.218
222		ALA	B	hydrophobic_core	lipid	lipid_embedded	False	0.0
223		ASN	B	periplasmic_interface		periplasmic	False	0.224
224		ASN	B	hydrophobic_core		lipid_embedded	False	0.063
225		ILE	B	hydrophobic_core	lipid	lipid_embedded	False	0.169
226		TYR	B	hydrophobic_core	pore	pore_lumen_facing	False	0.017
227		LEU	B	hydrophobic_core	lipid	lipid_embedded	False	0.309
228		ALA	B	hydrophobic_core	pore	pore_lumen_facing	False	0.019
229		ALA	B	hydrophobic_core	lipid	lipid_embedded	False	0.168
230		ASN	B	hydrophobic_core	pore	pore_lumen_facing	False	0.014
231		TYR	B	hydrophobic_core	lipid	lipid_embedded	False	0.038
232		GLY	B	hydrophobic_core		lipid_embedded	False	0.0
233		GLU	B	extracellular_interface		lps_shielded	False	0.098
234		THR	B	extracellular_interface		lps_shielded	False	0.006
235		ARG	B	extracellular		lps_shielded	True	0.333
236		ASN	B	extracellular		lps_shielded	False	0.065
237		ALA	B	extracellular		lps_shielded	False	0.0
238		THR	B	extracellular		lps_shielded	False	0.0
239		PRO	B	extracellular		lps_shielded	False	0.106
240		ILE	B	extracellular		lps_shielded	False	0.01
241		THR	B	extracellular		antibody_accessible	True	0.291
242		ASN	B	extracellular		buried_interior	False	0.085
243		LYS	B	extracellular		antibody_accessible	True	0.364
244		PHE	B	extracellular		antibody_accessible	True	0.59
245		THR	B	extracellular		antibody_accessible	True	0.463
246		ASN	B	extracellular		antibody_accessible	True	0.617
247		THR	B	extracellular		buried_interior	False	0.195
248		SER	B	extracellular		antibody_accessible	False	0.211
249		GLY	B	extracellular		buried_interior	False	0.0
250		PHE	B	extracellular		lps_shielded	False	0.002
251		ALA	B	extracellular		lps_shielded	False	0.0
252		ASN	B	extracellular		buried_interior	False	0.144
253		LYS	B	extracellular		lps_shielded	False	0.127
254		THR	B	extracellular		lps_shielded	False	0.0
255		GLN	B	extracellular_interface		lps_shielded	False	0.255
256		ASP	B	hydrophobic_core	pore	pore_lumen_facing	False	0.0
257		VAL	B	hydrophobic_core	lipid	lipid_embedded	False	0.093
258		LEU	B	hydrophobic_core	pore	pore_lumen_facing	False	0.0
259		LEU	B	hydrophobic_core	lipid	lipid_embedded	False	0.158
260		VAL	B	hydrophobic_core	pore	pore_lumen_facing	False	0.0
261		ALA	B	hydrophobic_core	lipid	lipid_embedded	False	0.074
262		GLN	B	hydrophobic_core	pore	pore_lumen_facing	False	0.0
263		TYR	B	hydrophobic_core	lipid	lipid_embedded	False	0.101
264		GLN	B	hydrophobic_core	pore	pore_lumen_facing	False	0.067
265		PHE	B	hydrophobic_core	lipid	lipid_embedded	False	0.184
266		ASP	B	periplasmic_interface		periplasmic	False	0.48
267		PHE	B	periplasmic_interface		periplasmic	False	0.157
268		GLY	B	hydrophobic_core		lipid_embedded	False	0.0
269		LEU	B	hydrophobic_core	lipid	lipid_embedded	False	0.203
270		ARG	B	hydrophobic_core	pore	pore_lumen_facing	False	0.104
271		PRO	B	hydrophobic_core	lipid	lipid_embedded	False	0.073
272		SER	B	hydrophobic_core	pore	pore_lumen_facing	False	0.0
273		ILE	B	hydrophobic_core	lipid	lipid_embedded	False	0.207
274		ALA	B	hydrophobic_core	pore	pore_lumen_facing	False	0.014
275		TYR	B	hydrophobic_core	lipid	lipid_embedded	False	0.032
276		THR	B	hydrophobic_core	pore	pore_lumen_facing	False	0.0
277		LYS	B	hydrophobic_core	lipid	lipid_embedded	False	0.243
278		SER	B	extracellular_interface		lps_shielded	False	0.0
279		LYS	B	extracellular		lps_shielded	False	0.168
280		ALA	B	extracellular		lps_shielded	False	0.0
281		LYS	B	extracellular		lps_shielded	False	0.148
282		ASP	B	extracellular		antibody_accessible	True	0.511
283		VAL	B	extracellular		buried_interior	False	0.031
284		GLU	B	extracellular		antibody_accessible	True	0.283
285		GLY	B	extracellular		antibody_accessible	True	0.785
286		ILE	B	extracellular		buried_interior	False	0.198
287		GLY	B	extracellular		antibody_accessible	True	0.263
288		ASP	B	extracellular		antibody_accessible	True	0.382
289		VAL	B	extracellular		buried_interior	False	0.0
290		ASP	B	extracellular		lps_shielded	False	0.053
291		LEU	B	extracellular		lps_shielded	False	0.054
292		VAL	B	extracellular_interface		lps_shielded	False	0.061
293		ASN	B	extracellular_interface		lps_shielded	False	0.051
294		TYR	B	hydrophobic_core	pore	pore_lumen_facing	False	0.0
295		PHE	B	hydrophobic_core	lipid	lipid_embedded	False	0.078
296		GLU	B	hydrophobic_core	pore	pore_lumen_facing	False	0.008
297		VAL	B	hydrophobic_core	lipid	lipid_embedded	False	0.121
298		GLY	B	hydrophobic_core		lipid_embedded	False	0.0
299		ALA	B	hydrophobic_core	lipid	lipid_embedded	False	0.047
300		THR	B	hydrophobic_core	pore	pore_lumen_facing	False	0.0
301		TYR	B	hydrophobic_core	lipid	lipid_embedded	False	0.134
302		TYR	B	hydrophobic_core	pore	pore_lumen_facing	False	0.179
303		PHE	B	hydrophobic_core	lipid	lipid_embedded	False	0.113
304		ASN	B	hydrophobic_core	pore	pore_lumen_facing	False	0.01
305		LYS	B	hydrophobic_core	pore	pore_lumen_facing	False	0.187
306		ASN	B	hydrophobic_core	pore	pore_lumen_facing	False	0.012
307		MET	B	hydrophobic_core		lipid_embedded	False	0.0
308		SER	B	hydrophobic_core	pore	pore_lumen_facing	False	0.0
309		THR	B	hydrophobic_core	lipid	lipid_embedded	False	0.171
310		TYR	B	hydrophobic_core	pore	pore_lumen_facing	False	0.028
311		VAL	B	hydrophobic_core	lipid	lipid_embedded	False	0.153
312		ASP	B	hydrophobic_core	pore	pore_lumen_facing	False	0.0
313		TYR	B	hydrophobic_core	lipid	lipid_embedded	False	0.042
314		ILE	B	hydrophobic_core	pore	pore_lumen_facing	False	0.0
315		ILE	B	hydrophobic_core	lipid	lipid_embedded	False	0.064
316		ASN	B	extracellular_interface		lps_shielded	False	0.005
317		GLN	B	extracellular_interface		lps_shielded	False	0.233
318		ILE	B	extracellular		lps_shielded	False	0.0
319		ASP	B	extracellular		lps_shielded	True	0.344
320		SER	B	extracellular		antibody_accessible	True	0.65
321		ASP	B	extracellular		antibody_accessible	True	0.564
322		ASN	B	extracellular		buried_interior	False	0.026
323		LYS	B	extracellular		antibody_accessible	True	0.429
324		LEU	B	extracellular		buried_interior	False	0.0
325		GLY	B	extracellular		buried_interior	False	0.124
326		VAL	B	extracellular		lps_shielded	False	0.063
327		GLY	B	extracellular		lps_shielded	False	0.0
328		SER	B	extracellular		lps_shielded	False	0.091
329		ASP	B	extracellular		lps_shielded	False	0.16
330		ASP	B	extracellular_interface		lps_shielded	False	0.068
331		THR	B	hydrophobic_core	pore	pore_lumen_facing	False	0.0
332		VAL	B	hydrophobic_core	lipid	lipid_embedded	False	0.0
333		ALA	B	hydrophobic_core	pore	pore_lumen_facing	False	0.0
334		VAL	B	hydrophobic_core	lipid	lipid_embedded	False	0.113
335		GLY	B	hydrophobic_core		lipid_embedded	False	0.013
336		ILE	B	hydrophobic_core	lipid	lipid_embedded	False	0.038
337		VAL	B	hydrophobic_core		lipid_embedded	False	0.035
338		TYR	B	hydrophobic_core	pore	pore_lumen_facing	False	0.0
339		GLN	B	hydrophobic_core	lipid	lipid_embedded	False	0.259
340		PHE	B	hydrophobic_core	pore	pore_lumen_facing	False	0.101
1		ALA	C	hydrophobic_core	pore	pore_lumen_facing	False	0.014
2		GLU	C	periplasmic_interface		periplasmic	False	0.24
3		ILE	C	periplasmic_interface		periplasmic	False	0.083
4		TYR	C	periplasmic_interface		periplasmic	False	0.059
5		ASN	C	periplasmic_interface		periplasmic	False	0.307
6		LYS	C	periplasmic		periplasmic	False	0.455
7		ASP	C	periplasmic		periplasmic	False	0.487
8		GLY	C	periplasmic		periplasmic	False	0.14
9		ASN	C	periplasmic_interface		periplasmic	False	0.0
10		LYS	C	periplasmic_interface		periplasmic	False	0.136
11		VAL	C	hydrophobic_core	pore	pore_lumen_facing	False	0.02
12		ASP	C	hydrophobic_core	lipid	lipid_embedded	False	0.086
13		LEU	C	hydrophobic_core	pore	pore_lumen_facing	False	0.05
14		TYR	C	hydrophobic_core	lipid	lipid_embedded	False	0.046
15		GLY	C	hydrophobic_core		lipid_embedded	False	0.013
16		LYS	C	hydrophobic_core	lipid	lipid_embedded	False	0.177
17		ALA	C	hydrophobic_core		lipid_embedded	False	0.004
18		VAL	C	hydrophobic_core		lipid_embedded	False	0.014
19		GLY	C	hydrophobic_core		lipid_embedded	False	0.0
20		LEU	C	hydrophobic_core	pore	pore_lumen_facing	False	0.0
21		HIS	C	hydrophobic_core	lipid	lipid_embedded	False	0.0
22		TYR	C	hydrophobic_core	pore	pore_lumen_facing	False	0.0
23		PHE	C	hydrophobic_core	lipid	lipid_embedded	False	0.004
24		SER	C	extracellular_interface		lps_shielded	False	0.105
25		LYS	C	extracellular		lps_shielded	True	0.494
26		GLY	C	extracellular		lps_shielded	True	0.653
27		ASN	C	extracellular		lps_shielded	True	0.596
28		GLY	C	extracellular		lps_shielded	False	0.064
29		GLU	C	extracellular		lps_shielded	True	0.666
30		ASN	C	extracellular		lps_shielded	True	0.378
31		SER	C	extracellular		lps_shielded	False	0.014
32		TYR	C	extracellular_interface		lps_shielded	False	0.106
33		GLY	C	extracellular_interface		lps_shielded	False	0.183
34		GLY	C	extracellular_interface		lps_shielded	False	0.062
35		ASN	C	extracellular_interface		lps_shielded	False	0.216
36		GLY	C	hydrophobic_core		lipid_embedded	False	0.039
37		ASP	C	hydrophobic_core	pore	pore_lumen_facing	False	0.028
38		MET	C	hydrophobic_core	lipid	lipid_embedded	False	0.092
39		THR	C	hydrophobic_core		lipid_embedded	False	0.0
40		TYR	C	hydrophobic_core	lipid	lipid_embedded	False	0.019
41		ALA	C	hydrophobic_core	pore	pore_lumen_facing	False	0.004
42		ARG	C	hydrophobic_core	lipid	lipid_embedded	False	0.093
43		LEU	C	hydrophobic_core	pore	pore_lumen_facing	False	0.04
44		GLY	C	hydrophobic_core		lipid_embedded	False	0.005
45		PHE	C	hydrophobic_core		lipid_embedded	False	0.004
46		LYS	C	hydrophobic_core	lipid	lipid_embedded	False	0.31
47		GLY	C	hydrophobic_core		lipid_embedded	False	0.04
48		GLU	C	hydrophobic_core	lipid	lipid_embedded	False	0.087
49		THR	C	hydrophobic_core	lipid	lipid_embedded	False	0.0
50		GLN	C	periplasmic_interface		periplasmic	False	0.462
51		ILE	C	periplasmic_interface		periplasmic	False	0.107
52		ASN	C	periplasmic		periplasmic	False	0.261
53		SER	C	periplasmic		periplasmic	False	0.711
54		ASP	C	periplasmic_interface		periplasmic	False	0.346
55		LEU	C	hydrophobic_core	lipid	lipid_embedded	False	0.075
56		THR	C	hydrophobic_core	pore	pore_lumen_facing	False	0.0
57		GLY	C	hydrophobic_core		lipid_embedded	False	0.0
58		TYR	C	hydrophobic_core	lipid	lipid_embedded	False	0.108
59		GLY	C	hydrophobic_core		lipid_embedded	False	0.026
60		GLN	C	hydrophobic_core	lipid	lipid_embedded	False	0.116
61		TRP	C	hydrophobic_core	pore	pore_lumen_facing	False	0.019
62		GLU	C	hydrophobic_core	lipid	lipid_embedded	False	0.0
63		TYR	C	hydrophobic_core	pore	pore_lumen_facing	False	0.002
64		ASN	C	hydrophobic_core	lipid	lipid_embedded	False	0.007
65		PHE	C	hydrophobic_core	pore	pore_lumen_facing	False	0.023
66		GLN	C	hydrophobic_core	lipid	lipid_embedded	False	0.004
67		GLY	C	hydrophobic_core		lipid_embedded	False	0.0
68		ASN	C	hydrophobic_core		lipid_embedded	False	0.049
69		ASN	C	hydrophobic_core	pore	pore_lumen_facing	False	0.0
70		SER	C	hydrophobic_core		lipid_embedded	False	0.0
71		GLU	C	hydrophobic_core	lipid	lipid_embedded	False	0.026
72		GLY	C	extracellular_interface		lps_shielded	False	0.062
73		ALA	C	extracellular		lps_shielded	True	0.6
74		ASP	C	extracellular_interface		lps_shielded	False	0.055
75		ALA	C	hydrophobic_core		lipid_embedded	False	0.0
76		GLN	C	hydrophobic_core	pore	pore_lumen_facing	False	0.038
77		THR	C	extracellular_interface		lps_shielded	False	0.347
78		GLY	C	hydrophobic_core		lipid_embedded	False	0.05
79		ASN	C	hydrophobic_core	pore	pore_lumen_facing	False	0.0
80		LYS	C	hydrophobic_core	lipid	lipid_embedded	False	0.019
81		THR	C	hydrophobic_core		lipid_embedded	False	0.003
82		ARG	C	hydrophobic_core	lipid	lipid_embedded	False	0.068
83		LEU	C	hydrophobic_core	lipid	lipid_embedded	False	0.025
84		ALA	C	hydrophobic_core	pore	pore_lumen_facing	False	0.012
85		PHE	C	hydrophobic_core	lipid	lipid_embedded	False	0.04
86		ALA	C	hydrophobic_core		lipid_embedded	False	0.0
87		GLY	C	hydrophobic_core		lipid_embedded	False	0.005
88		LEU	C	hydrophobic_core	lipid	lipid_embedded	False	0.17
89		LYS	C	hydrophobic_core	pore	pore_lumen_facing	False	0.165
90		TYR	C	hydrophobic_core	lipid	lipid_embedded	False	0.137
91		ALA	C	periplasmic_interface		periplasmic	False	0.106
92		ASP	C	hydrophobic_core	lipid	lipid_embedded	False	0.218
93		VAL	C	hydrophobic_core	lipid	lipid_embedded	False	0.231
94		GLY	C	hydrophobic_core		lipid_embedded	False	0.053
95		SER	C	hydrophobic_core	pore	pore_lumen_facing	False	0.13
96		PHE	C	hydrophobic_core	lipid	lipid_embedded	False	0.212
97		ASP	C	hydrophobic_core	pore	pore_lumen_facing	False	0.025
98		TYR	C	hydrophobic_core		lipid_embedded	False	0.0
99		GLY	C	hydrophobic_core		lipid_embedded	False	0.0
100		ARG	C	hydrophobic_core	pore	pore_lumen_facing	False	0.0
101		ASN	C	hydrophobic_core	lipid	lipid_embedded	False	0.002
102		TYR	C	hydrophobic_core	pore	pore_lumen_facing	False	0.104
103		GLY	C	hydrophobic_core		lipid_embedded	False	0.0
104		VAL	C	hydrophobic_core	lipid	lipid_embedded	False	0.0
105		VAL	C	hydrophobic_core	lipid	lipid_embedded	False	0.0
106		TYR	C	hydrophobic_core	pore	pore_lumen_facing	False	0.13
107		ASP	C	hydrophobic_core		lipid_embedded	False	0.045
108		ALA	C	hydrophobic_core	lipid	lipid_embedded	False	0.0
109		LEU	C	hydrophobic_core		lipid_embedded	False	0.0
110		GLY	C	hydrophobic_core		lipid_embedded	False	0.089
111		TYR	C	hydrophobic_core	lipid	lipid_embedded	False	0.0
112		THR	C	hydrophobic_core	lipid	lipid_embedded	False	0.0
113		ASP	C	hydrophobic_core	pore	pore_lumen_facing	False	0.16
114		MET	C	hydrophobic_core	lipid	lipid_embedded	False	0.25
115		LEU	C	hydrophobic_core	lipid	lipid_embedded	False	0.031
116		PRO	C	hydrophobic_core	lipid	lipid_embedded	False	0.067
117		GLU	C	hydrophobic_core	pore	pore_lumen_facing	False	0.04
118		PHE	C	hydrophobic_core		lipid_embedded	False	0.008
119		GLY	C	hydrophobic_core		lipid_embedded	False	0.047
120		GLY	C	hydrophobic_core		lipid_embedded	False	0.013
121		ASP	C	hydrophobic_core	lipid	lipid_embedded	False	0.051
122		THR	C	hydrophobic_core	lipid	lipid_embedded	False	0.0
123		ALA	C	hydrophobic_core		lipid_embedded	False	0.0
124		TYR	C	hydrophobic_core	lipid	lipid_embedded	False	0.103
125		SER	C	hydrophobic_core	pore	pore_lumen_facing	False	0.0
126		ASP	C	hydrophobic_core	pore	pore_lumen_facing	False	0.0
127		ASP	C	extracellular_interface		lps_shielded	False	0.0
128		PHE	C	hydrophobic_core	lipid	lipid_embedded	False	0.01
129		PHE	C	hydrophobic_core	lipid	lipid_embedded	False	0.01
130		VAL	C	hydrophobic_core	lipid	lipid_embedded	False	0.0
131		GLY	C	hydrophobic_core		lipid_embedded	False	0.0
132		ARG	C	hydrophobic_core	pore	pore_lumen_facing	False	0.022
133		VAL	C	hydrophobic_core	lipid	lipid_embedded	False	0.0
134		GLY	C	hydrophobic_core		lipid_embedded	False	0.0
135		GLY	C	hydrophobic_core		lipid_embedded	False	0.0
136		VAL	C	hydrophobic_core	pore	pore_lumen_facing	False	0.0
137		ALA	C	hydrophobic_core	lipid	lipid_embedded	False	0.014
138		THR	C	hydrophobic_core	pore	pore_lumen_facing	False	0.0
139		TYR	C	hydrophobic_core	lipid	lipid_embedded	False	0.084
140		ARG	C	hydrophobic_core	pore	pore_lumen_facing	False	0.126
141		ASN	C	hydrophobic_core	lipid	lipid_embedded	False	0.0
142		SER	C	hydrophobic_core	pore	pore_lumen_facing	False	0.209
143		ASN	C	hydrophobic_core	pore	pore_lumen_facing	False	0.009
144		PHE	C	hydrophobic_core	lipid	lipid_embedded	False	0.331
145		PHE	C	hydrophobic_core	lipid	lipid_embedded	False	0.268
146		GLY	C	periplasmic_interface		periplasmic	False	0.289
147		LEU	C	periplasmic_interface		periplasmic	False	0.232
148		VAL	C	hydrophobic_core	lipid	lipid_embedded	False	0.15
149		ASP	C	periplasmic_interface		periplasmic	False	0.382
150		GLY	C	hydrophobic_core		lipid_embedded	False	0.034
151		LEU	C	hydrophobic_core	lipid	lipid_embedded	False	0.218
152		ASN	C	hydrophobic_core	pore	pore_lumen_facing	False	0.112
153		PHE	C	hydrophobic_core	lipid	lipid_embedded	False	0.231
154		ALA	C	hydrophobic_core	pore	pore_lumen_facing	False	0.035
155		VAL	C	hydrophobic_core	lipid	lipid_embedded	False	0.173
156		GLN	C	hydrophobic_core	pore	pore_lumen_facing	False	0.0
157		TYR	C	hydrophobic_core	lipid	lipid_embedded	False	0.177
158		LEU	C	hydrophobic_core	pore	pore_lumen_facing	False	0.0
159		GLY	C	hydrophobic_core		lipid_embedded	False	0.0
160		LYS	C	extracellular_interface		lps_shielded	False	0.252
161		ASN	C	extracellular_interface		lps_shielded	False	0.0
162		GLU	C	extracellular		lps_shielded	True	0.374
163		ARG	C	extracellular		lps_shielded	False	0.035
164		ASP	C	extracellular		lps_shielded	True	0.66
165		THR	C	extracellular		lps_shielded	False	0.154
166		ALA	C	extracellular		lps_shielded	False	0.012
167		ARG	C	extracellular		lps_shielded	False	0.063
168		ARG	C	extracellular		lps_shielded	False	0.076
169		SER	C	extracellular		lps_shielded	False	0.0
170		ASN	C	extracellular_interface		lps_shielded	False	0.0
171		GLY	C	extracellular		lps_shielded	False	0.0
172		ASP	C	extracellular_interface		lps_shielded	False	0.285
173		GLY	C	hydrophobic_core		lipid_embedded	False	0.005
174		VAL	C	hydrophobic_core	lipid	lipid_embedded	False	0.075
175		GLY	C	hydrophobic_core		lipid_embedded	False	0.052
176		GLY	C	hydrophobic_core		lipid_embedded	False	0.138
177		SER	C	hydrophobic_core	pore	pore_lumen_facing	False	0.014
178		ILE	C	hydrophobic_core	lipid	lipid_embedded	False	0.332
179		SER	C	hydrophobic_core	pore	pore_lumen_facing	False	0.0
180		TYR	C	hydrophobic_core	lipid	lipid_embedded	False	0.203
181		GLU	C	hydrophobic_core	pore	pore_lumen_facing	False	0.24
182		TYR	C	hydrophobic_core	lipid	lipid_embedded	False	0.256
183		GLU	C	hydrophobic_core	lipid	lipid_embedded	False	0.276
184		GLY	C	hydrophobic_core		lipid_embedded	False	0.06
185		PHE	C	hydrophobic_core	lipid	lipid_embedded	False	0.391
186		GLY	C	hydrophobic_core		lipid_embedded	False	0.032
187		ILE	C	hydrophobic_core	lipid	lipid_embedded	False	0.317
188		VAL	C	hydrophobic_core	pore	pore_lumen_facing	False	0.013
189		GLY	C	hydrophobic_core		lipid_embedded	False	0.0
190		ALA	C	hydrophobic_core	pore	pore_lumen_facing	False	0.0
191		TYR	C	hydrophobic_core	lipid	lipid_embedded	False	0.073
192		GLY	C	hydrophobic_core		lipid_embedded	False	0.004
193		ALA	C	hydrophobic_core	lipid	lipid_embedded	False	0.039
194		ALA	C	extracellular_interface		lps_shielded	False	0.0
195		ASP	C	extracellular		lps_shielded	True	0.261
196		ARG	C	extracellular		lps_shielded	False	0.036
197		THR	C	extracellular		lps_shielded	False	0.003
198		ASN	C	extracellular		antibody_accessible	True	0.592
199		LEU	C	extracellular		antibody_accessible	True	0.294
200		GLN	C	extracellular		buried_interior	False	0.002
201		GLU	C	extracellular		antibody_accessible	True	0.272
202		ALA	C	extracellular		antibody_accessible	True	0.584
203		GLN	C	extracellular		buried_interior	False	0.154
204		PRO	C	extracellular		antibody_accessible	True	0.544
205		LEU	C	extracellular		buried_interior	False	0.043
206		GLY	C	extracellular		buried_interior	False	0.09
207		ASN	C	extracellular		antibody_accessible	True	0.647
208		GLY	C	extracellular		buried_interior	False	0.164
209		LYS	C	extracellular		antibody_accessible	True	0.628
210		LYS	C	extracellular		lps_shielded	True	0.346
211		ALA	C	extracellular		lps_shielded	False	0.029
212		GLU	C	extracellular_interface		lps_shielded	False	0.284
213		GLN	C	hydrophobic_core	pore	pore_lumen_facing	False	0.009
214		TRP	C	hydrophobic_core	lipid	lipid_embedded	False	0.052
215		ALA	C	hydrophobic_core	pore	pore_lumen_facing	False	0.0
216		THR	C	hydrophobic_core	lipid	lipid_embedded	False	0.191
217		GLY	C	hydrophobic_core		lipid_embedded	False	0.018
218		LEU	C	hydrophobic_core	lipid	lipid_embedded	False	0.446
219		LYS	C	hydrophobic_core	pore	pore_lumen_facing	False	0.069
220		TYR	C	hydrophobic_core	lipid	lipid_embedded	False	0.113
221		ASP	C	hydrophobic_core	pore	pore_lumen_facing	False	0.224
222		ALA	C	hydrophobic_core	lipid	lipid_embedded	False	0.0
223		ASN	C	periplasmic_interface		periplasmic	False	0.227
224		ASN	C	hydrophobic_core		lipid_embedded	False	0.073
225		ILE	C	hydrophobic_core	lipid	lipid_embedded	False	0.166
226		TYR	C	hydrophobic_core	pore	pore_lumen_facing	False	0.019
227		LEU	C	hydrophobic_core	lipid	lipid_embedded	False	0.314
228		ALA	C	hydrophobic_core	pore	pore_lumen_facing	False	0.03
229		ALA	C	hydrophobic_core	lipid	lipid_embedded	False	0.152
230		ASN	C	hydrophobic_core	pore	pore_lumen_facing	False	0.011
231		TYR	C	hydrophobic_core	lipid	lipid_embedded	False	0.034
232		GLY	C	hydrophobic_core		lipid_embedded	False	0.0
233		GLU	C	extracellular_interface		lps_shielded	False	0.095
234		THR	C	extracellular_interface		lps_shielded	False	0.012
235		ARG	C	extracellular		lps_shielded	True	0.335
236		ASN	C	extracellular		lps_shielded	False	0.065
237		ALA	C	extracellular		lps_shielded	False	0.0
238		THR	C	extracellular		lps_shielded	False	0.0
239		PRO	C	extracellular		lps_shielded	False	0.105
240		ILE	C	extracellular		lps_shielded	False	0.01
241		THR	C	extracellular		antibody_accessible	True	0.299
242		ASN	C	extracellular		buried_interior	False	0.09
243		LYS	C	extracellular		antibody_accessible	True	0.364
244		PHE	C	extracellular		antibody_accessible	True	0.592
245		THR	C	extracellular		antibody_accessible	True	0.481
246		ASN	C	extracellular		antibody_accessible	True	0.62
247		THR	C	extracellular		antibody_accessible	False	0.201
248		SER	C	extracellular		antibody_accessible	False	0.208
249		GLY	C	extracellular		buried_interior	False	0.009
250		PHE	C	extracellular		lps_shielded	False	0.004
251		ALA	C	extracellular		lps_shielded	False	0.0
252		ASN	C	extracellular		buried_interior	False	0.15
253		LYS	C	extracellular		lps_shielded	False	0.123
254		THR	C	extracellular		lps_shielded	False	0.0
255		GLN	C	extracellular_interface		lps_shielded	False	0.258
256		ASP	C	hydrophobic_core	pore	pore_lumen_facing	False	0.0
257		VAL	C	hydrophobic_core	lipid	lipid_embedded	False	0.09
258		LEU	C	hydrophobic_core	pore	pore_lumen_facing	False	0.0
259		LEU	C	hydrophobic_core	lipid	lipid_embedded	False	0.16
260		VAL	C	hydrophobic_core	pore	pore_lumen_facing	False	0.0
261		ALA	C	hydrophobic_core	lipid	lipid_embedded	False	0.082
262		GLN	C	hydrophobic_core	pore	pore_lumen_facing	False	0.002
263		TYR	C	hydrophobic_core	lipid	lipid_embedded	False	0.101
264		GLN	C	hydrophobic_core	pore	pore_lumen_facing	False	0.065
265		PHE	C	hydrophobic_core	lipid	lipid_embedded	False	0.193
266		ASP	C	periplasmic_interface		periplasmic	False	0.49
267		PHE	C	periplasmic_interface		periplasmic	False	0.155
268		GLY	C	hydrophobic_core		lipid_embedded	False	0.0
269		LEU	C	hydrophobic_core	lipid	lipid_embedded	False	0.203
270		ARG	C	hydrophobic_core	pore	pore_lumen_facing	False	0.111
271		PRO	C	hydrophobic_core	lipid	lipid_embedded	False	0.07
272		SER	C	hydrophobic_core	pore	pore_lumen_facing	False	0.0
273		ILE	C	hydrophobic_core	lipid	lipid_embedded	False	0.215
274		ALA	C	hydrophobic_core	pore	pore_lumen_facing	False	0.014
275		TYR	C	hydrophobic_core	lipid	lipid_embedded	False	0.028
276		THR	C	hydrophobic_core	pore	pore_lumen_facing	False	0.0
277		LYS	C	hydrophobic_core	lipid	lipid_embedded	False	0.243
278		SER	C	extracellular_interface		lps_shielded	False	0.0
279		LYS	C	extracellular		lps_shielded	False	0.164
280		ALA	C	extracellular		lps_shielded	False	0.0
281		LYS	C	extracellular		lps_shielded	False	0.149
282		ASP	C	extracellular		antibody_accessible	True	0.51
283		VAL	C	extracellular		buried_interior	False	0.028
284		GLU	C	extracellular		antibody_accessible	True	0.283
285		GLY	C	extracellular		antibody_accessible	True	0.798
286		ILE	C	extracellular		buried_interior	False	0.198
287		GLY	C	extracellular		antibody_accessible	True	0.264
288		ASP	C	extracellular		antibody_accessible	True	0.384
289		VAL	C	extracellular		buried_interior	False	0.0
290		ASP	C	extracellular		lps_shielded	False	0.053
291		LEU	C	extracellular		lps_shielded	False	0.054
292		VAL	C	extracellular_interface		lps_shielded	False	0.055
293		ASN	C	extracellular_interface		lps_shielded	False	0.051
294		TYR	C	hydrophobic_core	pore	pore_lumen_facing	False	0.0
295		PHE	C	hydrophobic_core	lipid	lipid_embedded	False	0.088
296		GLU	C	hydrophobic_core	pore	pore_lumen_facing	False	0.01
297		VAL	C	hydrophobic_core	lipid	lipid_embedded	False	0.124
298		GLY	C	hydrophobic_core		lipid_embedded	False	0.0
299		ALA	C	hydrophobic_core	lipid	lipid_embedded	False	0.055
300		THR	C	hydrophobic_core	pore	pore_lumen_facing	False	0.0
301		TYR	C	hydrophobic_core	lipid	lipid_embedded	False	0.137
302		TYR	C	hydrophobic_core	pore	pore_lumen_facing	False	0.194
303		PHE	C	hydrophobic_core	lipid	lipid_embedded	False	0.113
304		ASN	C	hydrophobic_core	pore	pore_lumen_facing	False	0.007
305		LYS	C	hydrophobic_core	pore	pore_lumen_facing	False	0.191
306		ASN	C	hydrophobic_core	pore	pore_lumen_facing	False	0.009
307		MET	C	hydrophobic_core		lipid_embedded	False	0.0
308		SER	C	hydrophobic_core	pore	pore_lumen_facing	False	0.0
309		THR	C	hydrophobic_core	lipid	lipid_embedded	False	0.165
310		TYR	C	hydrophobic_core	pore	pore_lumen_facing	False	0.023
311		VAL	C	hydrophobic_core	lipid	lipid_embedded	False	0.15
312		ASP	C	hydrophobic_core	pore	pore_lumen_facing	False	0.0
313		TYR	C	hydrophobic_core	lipid	lipid_embedded	False	0.044
314		ILE	C	hydrophobic_core	pore	pore_lumen_facing	False	0.0
315		ILE	C	hydrophobic_core	lipid	lipid_embedded	False	0.064
316		ASN	C	extracellular_interface		lps_shielded	False	0.005
317		GLN	C	extracellular_interface		lps_shielded	False	0.231
318		ILE	C	extracellular		lps_shielded	False	0.0
319		ASP	C	extracellular		lps_shielded	True	0.339
320		SER	C	extracellular		antibody_accessible	True	0.656
321		ASP	C	extracellular		antibody_accessible	True	0.579
322		ASN	C	extracellular		buried_interior	False	0.016
323		LYS	C	extracellular		antibody_accessible	True	0.429
324		LEU	C	extracellular		buried_interior	False	0.003
325		GLY	C	extracellular		buried_interior	False	0.129
326		VAL	C	extracellular		lps_shielded	False	0.063
327		GLY	C	extracellular		lps_shielded	False	0.0
328		SER	C	extracellular		lps_shielded	False	0.082
329		ASP	C	extracellular		lps_shielded	False	0.155
330		ASP	C	extracellular_interface		lps_shielded	False	0.068
331		THR	C	hydrophobic_core	pore	pore_lumen_facing	False	0.0
332		VAL	C	hydrophobic_core	lipid	lipid_embedded	False	0.0
333		ALA	C	hydrophobic_core	pore	pore_lumen_facing	False	0.0
334		VAL	C	hydrophobic_core	lipid	lipid_embedded	False	0.101
335		GLY	C	hydrophobic_core		lipid_embedded	False	0.021
336		ILE	C	hydrophobic_core	lipid	lipid_embedded	False	0.041
337		VAL	C	hydrophobic_core		lipid_embedded	False	0.032
338		TYR	C	hydrophobic_core	pore	pore_lumen_facing	False	0.0
339		GLN	C	hydrophobic_core	lipid	lipid_embedded	False	0.253
340		PHE	C	hydrophobic_core	pore	pore_lumen_facing	False	0.101
