subject_chain	subject_resseq	subject_icode	subject_resname	partner_chain	partner_resseq	partner_icode	partner_resname	minimum_distance_A
A	15		LEU	B	530		HOH	4.302262
A	18		HIS	B	417		ARG	3.053683
A	18		HIS	B	418		ASN	2.904328
A	18		HIS	B	530		HOH	4.340564
A	21		HIS	B	417		ARG	4.521864
A	21		HIS	B	418		ASN	3.301611
A	21		HIS	B	419		SER	3.634407
A	21		HIS	B	549		HOH	2.990015
A	22		GLN	B	418		ASN	3.645658
A	25		PHE	B	418		ASN	3.284177
A	25		PHE	B	419		SER	4.314214
A	25		PHE	B	420		GLY	4.495134
A	25		PHE	B	549		HOH	3.079091
A	25		PHE	B	564		HOH	3.308558
A	28		TYR	B	327		GLU	4.384499
A	41		LYS	B	322		CYS	3.837511
A	41		LYS	B	327		GLU	3.039738
A	42		TYR	B	320		GLU	4.008312
A	42		TYR	B	321		LYS	4.057805
A	42		TYR	B	322		CYS	3.416182
A	45		LEU	B	276		TRP	2.650364
A	45		LEU	B	306		PRO	3.783759
A	45		LEU	B	322		CYS	3.949356
A	45		LEU	B	323		PHE	4.224355
A	46		GLN	B	276		TRP	3.217263
A	46		GLN	B	308		CYS	3.423591
A	46		GLN	B	320		GLU	3.046751
A	46		GLN	B	322		CYS	3.491321
A	47		ASN	B	276		TRP	4.141451
A	48		PRO	B	271		ARG	3.985439
A	48		PRO	B	274		GLN	3.825612
A	48		PRO	B	275		GLU	3.851039
A	48		PRO	B	276		TRP	3.593514
A	51		SER	B	271		ARG	4.393337
A	52		LEU	B	271		ARG	3.210318
A	52		LEU	B	273		THR	4.785404
A	52		LEU	B	274		GLN	3.843831
A	56		GLU	B	271		ARG	2.88343
A	56		GLU	B	304		TRP	4.053161
A	61		PRO	B	304		TRP	3.669745
A	62		SER	B	302		SER	3.499758
A	62		SER	B	303		ILE	2.712866
A	62		SER	B	304		TRP	4.480594
A	62		SER	B	305		ILE	4.244114
A	63		ASN	B	301		THR	3.92577
A	63		ASN	B	302		SER	3.999918
A	63		ASN	B	303		ILE	4.673856
A	63		ASN	B	369		TRP	3.671568
A	63		ASN	B	553		HOH	3.740562
A	63		ASN	B	562		HOH	3.314457
A	64		ARG	B	244		GLU	3.640503
A	64		ARG	B	364		ASP	2.899284
A	64		ARG	B	367		LYS	3.043505
A	64		ARG	B	369		TRP	3.433438
A	64		ARG	B	514		HOH	4.321349
A	64		ARG	B	520		HOH	4.665563
A	64		ARG	B	553		HOH	4.883204
A	65		GLU	B	298		SER	4.283357
A	65		GLU	B	514		HOH	4.457224
A	67		THR	B	304		TRP	4.986024
A	67		THR	B	369		TRP	3.56326
A	68		GLN	B	364		ASP	2.982274
A	68		GLN	B	367		LYS	3.397936
A	68		GLN	B	368		GLY	4.675946
A	68		GLN	B	369		TRP	3.79988
A	164		TYR	B	306		PRO	4.538089
A	164		TYR	B	324		SER	4.465737
A	164		TYR	B	327		GLU	4.304419
A	164		TYR	B	518		HOH	3.844064
A	167		ARG	B	326		ASP	4.974046
A	167		ARG	B	327		GLU	3.041016
A	167		ARG	B	518		HOH	4.161218
A	167		ARG	B	549		HOH	3.752147
A	167		ARG	B	564		HOH	4.285814
A	168		LYS	B	271		ARG	4.953932
A	168		LYS	B	304		TRP	3.001424
A	168		LYS	B	305		ILE	4.872275
A	168		LYS	B	306		PRO	4.576244
A	168		LYS	B	518		HOH	3.456269
A	171		ASP	B	243		ARG	3.186742
A	171		ASP	B	304		TRP	3.390392
A	171		ASP	B	326		ASP	3.878656
A	171		ASP	B	419		SER	3.528868
A	171		ASP	B	549		HOH	4.199273
A	172		LYS	B	304		TRP	3.838019
A	174		GLU	B	418		ASN	3.405389
A	174		GLU	B	557		HOH	4.875642
A	175		THR	B	243		ARG	2.64588
A	175		THR	B	304		TRP	3.906615
A	175		THR	B	368		GLY	4.376476
A	175		THR	B	369		TRP	3.789279
A	176		PHE	B	304		TRP	4.04136
A	178		ARG	B	365		ILE	4.980063
A	178		ARG	B	368		GLY	3.217993
A	178		ARG	B	371		VAL	3.689249
A	178		ARG	B	510		HOH	4.524919
A	178		ARG	B	519		HOH	3.005406
A	179		ILE	B	367		LYS	3.799953
A	179		ILE	B	368		GLY	4.025882
A	179		ILE	B	369		TRP	3.842957
A	182		CYS	B	365		ILE	4.301939
A	182		CYS	B	366		GLN	3.851899
A	182		CYS	B	367		LYS	3.814363
A	182		CYS	B	368		GLY	3.468421
A	182		CYS	B	519		HOH	4.321789
A	189		CYS	B	365		ILE	3.707862
A	189		CYS	B	366		GLN	3.774484
A	189		CYS	B	519		HOH	4.269579
A	512		HOH	B	417		ARG	4.129107
A	525		HOH	B	243		ARG	3.467452
A	525		HOH	B	244		GLU	3.923584
A	525		HOH	B	301		THR	4.33477
A	525		HOH	B	303		ILE	4.150813
A	525		HOH	B	369		TRP	3.857011
A	525		HOH	B	553		HOH	2.601727
A	533		HOH	B	271		ARG	3.28338
A	533		HOH	B	306		PRO	4.887144
A	534		HOH	B	518		HOH	3.02374
A	547		HOH	B	366		GLN	4.528442
A	550		HOH	B	304		TRP	4.507481
A	550		HOH	B	326		ASP	3.091931
A	550		HOH	B	419		SER	4.255141
A	550		HOH	B	518		HOH	4.205471
A	550		HOH	B	549		HOH	2.925223
A	550		HOH	B	564		HOH	4.373631
A	552		HOH	B	244		GLU	4.580246
A	552		HOH	B	298		SER	4.01853
A	552		HOH	B	514		HOH	3.366584
A	552		HOH	B	553		HOH	3.099002
A	567		HOH	B	327		GLU	4.389729
A	567		HOH	B	420		GLY	4.26035
A	567		HOH	B	564		HOH	3.237861
A	568		HOH	B	244		GLU	4.326173
A	568		HOH	B	514		HOH	2.891286
A	571		HOH	B	243		ARG	4.579954
A	571		HOH	B	416		GLN	4.590179
A	571		HOH	B	417		ARG	4.502533
A	571		HOH	B	557		HOH	2.924545
A	572		HOH	B	306		PRO	4.915752
A	572		HOH	B	323		PHE	4.484049
A	572		HOH	B	324		SER	3.405532
A	572		HOH	B	327		GLU	2.720436
A	572		HOH	B	518		HOH	4.216533
