position	type	role	state	observed_residue	chain_id	auth_seq_id	insertion_code	detail
33	active_site	unspecified	role_compatible	S	A	33		observed S; expected one of S for declared role unspecified
33	active_site	unspecified	role_compatible	S	A	33		observed S; expected one of S for declared role unspecified
64	active_site	unspecified	role_compatible	H	A	64		observed H; expected one of H for declared role unspecified
86	active_site	acid_base	role_compatible	H	A	86		observed H; expected one of H for declared role acid_base
88	active_site	unspecified	role_compatible	Y	A	88		observed Y; expected one of Y for declared role unspecified
89	active_site	unspecified	role_compatible	E	A	89		observed E; expected one of E for declared role unspecified
116	active_site	unspecified	role_compatible	A	A	116		observed A; expected one of A for declared role unspecified
219	active_site	unspecified	role_compatible	M	A	219		observed M; expected one of M for declared role unspecified
220	active_site	unspecified	role_compatible	S	A	220		observed S; expected one of S for declared role unspecified
243	active_site	unspecified	role_compatible	N	A	243		observed N; expected one of N for declared role unspecified
257	active_site	unspecified	role_compatible	H	A	257		observed H; expected one of H for declared role unspecified
