chain_id	auth_seq_id	insertion_code	label_asym_id	label_seq_id	entity_id	resname	one_letter	sequence_index	missing_backbone_atoms	altlocs	mean_b_factor	plddt	ca_xyz
A	225		A	2	1	ALA	A	225			38.132		-26.055;-47.333;-11.1
A	226		A	3	1	MET	M	226			34.918333		-23.577;-49.305;-8.989
A	227		A	4	1	GLY	G	227			37.0575		-25.089001;-47.535999;-5.984
A	228		A	5	1	SER	S	228			41.54		-28.74;-48.220001;-6.915
A	229		A	6	1	SER	S	229			43.883333		-29.636;-44.534;-7.195
A	230		A	7	1	PRO	P	230			45.474286		-31.426001;-42.780998;-10.042
A	231		A	8	1	ASN	N	231			47.39625		-29.087;-39.791;-9.865
A	232		A	9	1	TYR	Y	232			49.091667		-26.153999;-39.952;-12.188
A	233		A	10	1	ASP	D	233			37.13125		-23.378;-37.912998;-13.677
A	234		A	11	1	LYS	K	234		A	39.826667		-22.518;-38.548;-17.309
A	235		A	12	1	TRP	W	235			29.029286		-18.999001;-37.289001;-16.716999
A	236		A	13	1	GLU	E	236			31.197778		-18.167;-40.094002;-14.268
A	237		A	14	1	MET	M	237			33.93625		-16.125;-42.678001;-16.072001
A	238		A	15	1	GLU	E	238		A	34.42		-14.996;-46.206001;-15.322
A	239		A	16	1	ARG	R	239			26.690909		-11.693;-46.173;-13.809
A	240		A	17	1	THR	T	240			27.328571		-10.889;-49.633999;-15.151
A	241		A	18	1	ASP	D	241			28.6		-10.809;-48.160999;-18.643
A	242		A	19	1	ILE	I	242			33.19875		-7.889;-45.891998;-17.823999
A	243		A	20	1	THR	T	243			34.402857		-4.311;-47.089001;-17.919001
A	244		A	21	1	MET	M	244			35.34875		-2.101;-44.902;-15.763
A	245		A	22	1	LYS	K	245			44.524444		1.299;-44.167;-17.243
A	246		A	23	1	HIS	H	246			42.593		4.195;-42.067001;-15.996
A	247		A	24	1	LYS	K	247			38.701111		3.795;-38.852001;-14.05
A	248		A	25	1	LEU	L	248			34.43375		4.278;-35.896999;-16.365999
A	249		A	26	1	GLY	G	249			45.5975		7.589;-34.169998;-16.039
A	250		A	27	1	GLY	G	250			49.24		8.554;-36.966999;-13.724
A	251		A	28	1	GLY	G	251			42.6525		6.77;-35.214001;-10.868
A	252		A	29	1	GLN	Q	252			48.743333		7.754;-31.639999;-11.307
A	253		A	30	1	TYR	Y	253			36.815833		4.165;-30.743;-12.22
A	254		A	31	1	GLY	G	254			33.1		2.475;-32.325001;-9.23
A	255		A	32	1	GLU	E	255			35.092222		0.078;-35.244999;-9.409
A	256		A	33	1	VAL	V	256		B	27.98		-0.639;-35.205002;-13.127
A	257		A	34	1	TYR	Y	257			31.021667		-0.084;-38.249001;-15.317
A	258		A	35	1	GLU	E	258			34.47		-0.134;-39.465;-18.886
A	259		A	36	1	GLY	G	259			26.48		-2.727;-42.146;-19.363001
A	260		A	37	1	VAL	V	260			31.065714		-4.565;-44.091;-22.0
A	261		A	38	1	TRP	W	261			36.57		-8.311;-44.395;-22.334
A	262		A	39	1	LYS	K	262			34.238889		-8.241;-47.945;-23.563
A	263		A	40	1	LYS	K	263			47.038889		-11.694;-47.811001;-25.069
A	264		A	41	1	TYR	Y	264			41.9725		-10.462;-45.319;-27.666
A	265		A	42	1	SER	S	265			37.525		-6.761;-46.026001;-27.669001
A	266		A	43	1	LEU	L	266			27.9275		-6.597;-42.324001;-26.711
A	267		A	44	1	THR	T	267			27.851429		-3.754;-40.743999;-24.827
A	268		A	45	1	VAL	V	268			22.514286		-5.146;-38.576;-22.037001
A	269		A	46	1	ALA	A	269			20.142		-3.94;-36.526001;-19.056999
A	270		A	47	1	VAL	V	270			20.388571		-5.096;-37.464001;-15.544
A	271		A	48	1	LYS	K	271			19.935556		-4.976;-35.379002;-12.367
A	272		A	49	1	THR	T	272			24.011429		-5.195;-36.985001;-8.989
A	273		A	50	1	LEU	L	273			35.15875		-4.967;-36.144001;-5.382
A	274		A	51	1	LYS	K	274			50.968889		-3.379;-37.432999;-2.345
A	275		A	52	1	GLU	E	275			42.917778		-6.457;-37.294998;0.002
A	276		A	53	1	ASP	D	276			48.8225		-5.039;-37.747002;3.502
A	277		A	54	1	THR	T	277			50.992857		-2.987;-34.616001;3.003
A	278		A	55	1	MET	M	278			51.99		-4.832;-32.734001;0.264
A	279		A	56	1	GLU	E	279			37.32		-7.993;-30.743;-0.03
A	280		A	57	1	VAL	V	280			25.601429		-10.638;-32.992001;-1.471
A	281		A	58	1	GLU	E	281			29.76		-13.166;-30.18;-1.401
A	282		A	59	1	GLU	E	282			28.714444		-10.997;-28.186001;-3.767
A	283		A	60	1	PHE	F	283			21.907273		-10.604;-31.141001;-6.119
A	284		A	61	1	LEU	L	284			22.8825		-14.33;-31.794001;-6.306
A	285		A	62	1	LYS	K	285			31.365556		-14.95;-28.110001;-6.939
A	286		A	63	1	GLU	E	286			22.482222		-12.399;-28.173;-9.727
A	287		A	64	1	ALA	A	287			23.788		-14.109;-31.134001;-11.29
A	288		A	65	1	ALA	A	288			26.592		-17.406;-29.356001;-11.019
A	289		A	66	1	VAL	V	289		A	26.648571		-16.311001;-26.174999;-12.633
A	290		A	67	1	MET	M	290			22.53625		-14.644;-27.966999;-15.49
A	291		A	68	1	LYS	K	291			29.451111		-18.007;-29.483999;-16.358
A	292		A	69	1	GLU	E	292			36.545556		-19.278999;-26.021999;-17.083
A	293		A	70	1	ILE	I	293			29.9525		-16.537001;-24.931;-19.378
A	294		A	71	1	LYS	K	294			35.806667		-16.451;-25.431;-23.111
A	295		A	72	1	HIS	H	295			22.431		-14.316;-23.291;-25.400999
A	296		A	73	1	PRO	P	296			22.89		-11.803;-23.843;-28.205
A	297		A	74	1	ASN	N	297			19.79875		-9.107;-22.268;-26.125999
A	298		A	75	1	LEU	L	298			22.065		-9.798;-23.962;-22.809999
A	299		A	76	1	VAL	V	299			21.594286		-8.536;-27.41;-21.986
A	300		A	77	1	GLN	Q	300		B	28.821111		-11.202;-30.040001;-22.606001
A	301		A	78	1	LEU	L	301			22.61875		-12.499;-32.174999;-19.796
A	302		A	79	1	LEU	L	302			23.59875		-13.09;-35.779999;-20.778999
A	303		A	80	1	GLY	G	303			23.1475		-14.249;-37.384998;-17.562
A	304		A	81	1	VAL	V	304			23.041429		-13.92;-37.775002;-13.845
A	305		A	82	1	CYS	C	305			23.491667		-13.673;-40.500999;-11.18
A	306		A	83	1	THR	T	306			28.042857		-14.757;-38.748001;-8.083
A	307		A	84	1	ARG	R	307			38.006364		-16.945999;-41.153999;-6.118
A	308		A	85	1	GLU	E	308			26.776667		-14.052;-42.655998;-4.167
A	309		A	86	1	PRO	P	309			24.318571		-10.25;-42.616001;-4.243
A	310		A	87	1	PRO	P	310			26.278571		-8.133;-42.490002;-6.063
A	311		A	88	1	PHE	F	311			23.124545		-9.856;-39.374001;-7.374
A	312		A	89	1	TYR	Y	312			23.463333		-9.305;-38.5;-11.041
A	313		A	90	1	ILE	I	313			19.41625		-9.999;-35.667;-13.45
A	314		A	91	1	ILE	I	314			21.585		-9.248;-36.665001;-17.007
A	315		A	92	1	THR	T	315			20.064286		-8.58;-34.220001;-19.826
A	316		A	93	1	GLU	E	316			21.1		-7.242;-34.179001;-23.295
A	317		A	94	1	PHE	F	317			23.347273		-3.489;-34.43;-23.694
A	318		A	95	1	MET	M	318			24.61375		-1.957;-31.455999;-25.466999
A	319		A	96	1	THR	T	319		A	25.995714		0.874;-32.641998;-27.688999
A	320		A	97	1	TYR	Y	320			25.485833		3.454;-29.957001;-27.054001
A	321		A	98	1	GLY	G	321			20.965		2.879;-29.403;-23.379999
A	322		A	99	1	ASN	N	322			21.17875		3.126;-26.190001;-21.396999
A	323		A	100	1	LEU	L	323			18.72375		3.58;-22.892;-23.099001
A	324		A	101	1	LEU	L	324			21.3525		6.466;-21.655001;-20.98
A	325		A	102	1	ASP	D	325			25.83125		8.76;-24.488001;-21.958
A	326		A	103	1	TYR	Y	326			21.690833		7.493;-24.325001;-25.530001
A	327		A	104	1	LEU	L	327			23.025		8.471;-20.686001;-25.839001
A	328		A	105	1	ARG	R	328			26.649091		11.804;-21.371;-24.306999
A	329		A	106	1	GLU	E	329			30.604444		12.57;-24.291;-26.597
A	330		A	107	1	CYS	C	330			25.743333		10.928;-23.349001;-29.872
A	331		A	108	1	ASN	N	331			28.3525		12.359;-22.589001;-33.238998
A	332		A	109	1	ARG	R	332			31.11		11.979;-18.875999;-33.458
A	333		A	110	1	GLN	Q	333			36.425556		11.911;-18.868999;-37.200001
A	334		A	111	1	GLU	E	334			24.931111		8.729;-20.955999;-37.051998
A	335		A	112	1	VAL	V	335			21.734286		7.42;-19.351;-33.929001
A	336		A	113	1	ASN	N	336			22.255		7.981;-15.803;-34.974998
A	337		A	114	1	ALA	A	337			22.23		6.473;-12.545;-33.769001
A	338		A	115	1	VAL	V	338			20.028571		3.3;-13.19;-35.605
A	339		A	116	1	VAL	V	339			17.825714		2.786;-16.569;-33.919998
A	340		A	117	1	LEU	L	340			18.95375		3.372;-14.948;-30.559999
A	341		A	118	1	LEU	L	341			20.645		0.595;-12.549;-31.349001
A	342		A	119	1	TYR	Y	342			18.115833		-1.646;-15.444;-32.306999
A	343		A	120	1	MET	M	343			21.595		-0.936;-17.096001;-28.99
A	344		A	121	1	ALA	A	344			20.644		-1.946;-13.956;-27.226999
A	345		A	122	1	THR	T	345			22.32		-5.158;-13.65;-29.122
A	346		A	123	1	GLN	Q	346			18.736667		-6.113;-17.212;-28.347
A	347		A	124	1	ILE	I	347			19.09125		-5.547;-16.700001;-24.603001
A	348		A	125	1	SER	S	348		A	23.175		-7.517;-13.466;-24.785
A	349		A	126	1	SER	S	349		A	21.508333		-10.354;-15.378;-26.250999
A	350		A	127	1	ALA	A	350			20.55		-10.305;-17.962999;-23.511
A	351		A	128	1	MET	M	351			20.78125		-10.263;-15.33;-20.809999
A	352		A	129	1	GLU	E	352			29.58		-13.105;-13.45;-22.419001
A	353		A	130	1	TYR	Y	353			25.601667		-15.105;-16.639999;-22.106001
A	354		A	131	1	LEU	L	354			23.13875		-14.258;-17.143999;-18.440001
A	355		A	132	1	GLU	E	355			26.56		-15.152;-13.568;-17.738001
A	356		A	133	1	LYS	K	356			38.085556		-18.572001;-14.014;-19.294001
A	357		A	134	1	LYS	K	357			37.717778		-19.07;-17.068001;-17.146999
A	358		A	135	1	ASN	N	358			36.84125		-17.868999;-15.163;-14.112
A	359		A	136	1	PHE	F	359			31.106364		-15.149;-17.663;-13.398
A	360		A	137	1	ILE	I	360			25.8275		-11.877;-16.426001;-11.915
A	361		A	138	1	HIS	H	361			21.182		-8.796;-18.313999;-13.022
A	362		A	139	1	ARG	R	362			27.917273		-6.631;-17.205;-10.119
A	363		A	140	1	ASP	D	363			19.4425		-3.334;-18.504999;-11.537
A	364		A	141	1	LEU	L	364			18.805		-2.917;-17.274;-15.09
A	365		A	142	1	ALA	A	365			18.014		0.568;-17.702999;-16.413
A	366		A	143	1	ALA	A	366			18.234		2.429;-19.343;-19.282
A	367		A	144	1	ARG	R	367			22.045455		3.219;-22.423;-17.212999
A	368		A	145	1	ASN	N	368			18.3725		-0.507;-23.066;-17.059
A	369		A	146	1	CYS	C	369			17.571667		-1.147;-22.715;-20.782
A	370		A	147	1	LEU	L	370			19.34875		-0.867;-25.523001;-23.318001
A	371		A	148	1	VAL	V	371			19.08		0.247;-25.959;-26.886
A	372		A	149	1	GLY	G	372			20.55		-1.308;-28.263;-29.434
A	373		A	150	1	GLU	E	373			25.643333		-1.204;-28.92;-33.141998
A	374		A	151	1	ASN	N	374			26.985		-1.59;-26.040001;-35.528
A	375		A	152	1	HIS	H	375			20.361		-0.176;-23.579;-33.026001
A	376		A	153	1	LEU	L	376			20.58875		-3.255;-24.054001;-30.927
A	377		A	154	1	VAL	V	377			18.738571		-3.037;-22.646;-27.426001
A	378		A	155	1	LYS	K	378			19.124444		-5.352;-23.407;-24.506001
A	379		A	156	1	VAL	V	379			17.52		-5.617;-22.056999;-20.999001
A	380		A	157	1	ALA	A	380			17.014		-5.492;-24.67;-18.247999
A	381		A	158	1	ASP	D	381			21.3875		-4.583;-25.000999;-14.587
A	382		A	159	1	PHE	F	382			24.729091		-1.958;-27.486;-13.322
A	383		A	160	1	GLY	G	383			23.7175		-2.998;-26.535999;-9.81
A	384		A	161	1	LEU	L	384			25.5375		0.377;-25.740999;-8.306
A	385		A	162	1	SER	S	385			23.05		-0.28;-22.309;-6.874
A	386		A	163	1	ARG	R	386			32.05875		-0.459;-22.263;-3.088
A	387		A	164	1	LEU	L	387			30.5775		-1.712;-18.716;-2.773
A	388		A	165	1	MET	M	388		A	51.96375		-4.743;-18.674;-0.527
A	394		A	171	1	THR	T	394		B	44.218		12.371;-26.1;-17.201
A	395		A	172	1	ALA	A	395		B	41.856		12.06;-25.469999;-13.451
A	396		A	173	1	HIS	H	396		B	25.902		9.141;-23.01;-12.982
A	397		A	174	1	ALA	A	397		B	35.54		10.411;-21.721001;-9.609
A	398		A	175	1	GLY	G	398			31.7		7.405;-19.4;-9.217
A	399		A	176	1	ALA	A	399			26.492		4.742;-22.08;-9.631
A	400		A	177	1	LYS	K	400			31.354444		3.905;-22.393;-5.965
A	401		A	178	1	PHE	F	401			23.570909		3.966;-18.735001;-5.018
A	402		A	179	1	PRO	P	402			19.605714		3.617;-16.732;-8.191
A	403		A	180	1	ILE	I	403			20.995		4.135;-13.381;-6.583
A	404		A	181	1	LYS	K	404			23.684444		5.316;-11.904;-9.876
A	405		A	182	1	TRP	W	405			18.391429		2.007;-12.623;-11.552
A	406		A	183	1	THR	T	406			20.301429		-0.198;-11.443;-8.675
A	407		A	184	1	ALA	A	407			20.244		-2.026;-8.114;-8.605
A	408		A	185	1	PRO	P	408			21.22		-1.212;-5.687;-5.811
A	409		A	186	1	GLU	E	409			23.151111		-4.634;-5.933;-4.207
A	410		A	187	1	SER	S	410			22.085		-4.343;-9.7;-4.291
A	411		A	188	1	LEU	L	411			22.62875		-1.021;-9.521;-2.532
A	412		A	189	1	ALA	A	412			24.104		-1.962;-6.903;0.007
A	413		A	190	1	TYR	Y	413			27.465833		-5.542;-7.758;0.709
A	414		A	191	1	ASN	N	414			32.48875		-6.035;-11.215;-0.781
A	415		A	192	1	LYS	K	415			35.924444		-8.668;-10.022;-3.183
A	416		A	193	1	PHE	F	416			27.547273		-8.696;-12.157;-6.354
A	417		A	194	1	SER	S	417			24.316667		-11.063;-11.193;-9.183
A	418		A	195	1	ILE	I	418			26.05125		-11.376;-11.124;-12.901
A	419		A	196	1	LYS	K	419			25.498889		-9.436;-7.926;-12.678
A	420		A	197	1	SER	S	420			19.983333		-6.579;-9.668;-10.959
A	421		A	198	1	ASP	D	421			20.50875		-6.634;-12.199;-13.797
A	422		A	199	1	VAL	V	422			20.457143		-6.327;-9.241;-16.131001
A	423		A	200	1	TRP	W	423			19.239286		-3.178;-8.186;-14.303
A	424		A	201	1	ALA	A	424			18.064		-1.765;-11.656;-14.682
A	425		A	202	1	PHE	F	425			17.993636		-2.658;-11.661;-18.308001
A	426		A	203	1	GLY	G	426			17.5125		-0.43;-8.682;-18.756001
A	427		A	204	1	VAL	V	427			18.028571		2.407;-10.613;-17.212
A	428		A	205	1	LEU	L	428			19.3425		1.659;-13.543;-19.458
A	429		A	206	1	LEU	L	429			21.3125		1.829;-11.233;-22.462
A	430		A	207	1	TRP	W	430			22.476429		5.298;-10.261;-21.309999
A	431		A	208	1	GLU	E	431			19.006667		6.279;-13.902;-20.958
A	432		A	209	1	ILE	I	432			19.39875		5.14;-14.519;-24.490999
A	433		A	210	1	ALA	A	433			22.926		6.868;-11.451;-25.879999
A	434		A	211	1	THR	T	434			22.557143		10.164;-12.523;-24.319
A	435		A	212	1	TYR	Y	435			25.140833		10.024;-16.142;-25.326
A	436		A	213	1	GLY	G	436			24.5375		9.547;-17.171;-21.715
A	437		A	214	1	MET	M	437		B	28.16875		11.799;-15.006;-19.653
A	438		A	215	1	SER	S	438			30.288333		11.141;-14.696;-15.975
A	439		A	216	1	PRO	P	439			27.365714		9.308;-11.561;-15.021
A	440		A	217	1	TYR	Y	440			24.443333		10.997;-8.68;-13.197
A	441		A	218	1	PRO	P	441			36.478571		14.365;-10.133;-14.004
A	442		A	219	1	GLY	G	442			44.92		16.968;-9.96;-11.287
A	443		A	220	1	ILE	I	443			37.63875		14.45;-8.589;-8.793
A	444		A	221	1	ASP	D	444			42.33125		13.851;-10.34;-5.51
A	445		A	222	1	LEU	L	445			33.89625		10.395;-11.47;-4.635
A	446		A	223	1	SER	S	446			34.293333		10.333;-9.334;-1.587
A	447		A	224	1	GLN	Q	447			33.317143		10.897;-6.207;-3.611
A	448		A	225	1	VAL	V	448			25.191429		8.116;-6.624;-6.123
A	449		A	226	1	TYR	Y	449			25.726667		5.227;-5.169;-4.276
A	450		A	227	1	GLU	E	450			25.584		7.117;-2.046;-3.322
A	451		A	228	1	LEU	L	451			32.41625		8.238;-1.476;-6.885
A	452		A	229	1	LEU	L	452			22.2725		4.711;-1.754;-8.132
A	453		A	230	1	GLU	E	453			25.678889		3.441;0.576;-5.45
A	454		A	231	1	LYS	K	454			30.794444		5.974;3.169;-6.551
A	455		A	232	1	ASP	D	455			27.6875		4.431;2.955;-10.017
A	456		A	233	1	TYR	Y	456			31.8375		7.324;1.032;-11.647
A	457		A	234	1	ARG	R	457			21.606364		6.467;-1.525;-14.384
A	458		A	235	1	MET	M	458		A	23.1825		8.328;-3.885;-16.604
A	459		A	236	1	GLU	E	459			32.817778		9.733;-2.416;-19.77
A	460		A	237	1	ARG	R	460		A	27.835455		8.646;-3.102;-23.316999
A	461		A	238	1	PRO	P	461			26.872857		10.365;-6.24;-24.601999
A	462		A	239	1	GLU	E	462			37.508333		12.501;-6.111;-27.673
A	463		A	240	1	GLY	G	463			33.885		10.4;-6.636;-30.695999
A	464		A	241	1	CYS	C	464			27.42		7.109;-6.189;-28.933001
A	465		A	242	1	PRO	P	465			30.624286		4.708;-4.031;-30.804001
A	466		A	243	1	GLU	E	466			34.803333		4.04;-0.811;-28.999001
A	467		A	244	1	LYS	K	467			28.446667		0.321;-1.353;-29.018
A	468		A	245	1	VAL	V	468			23.621429		0.699;-4.7;-27.348
A	469		A	246	1	TYR	Y	469			22.265833		2.889;-3.012;-24.719
A	470		A	247	1	GLU	E	470			31.203333		0.231;-0.407;-24.200001
A	471		A	248	1	LEU	L	471			26.2625		-2.15;-3.191;-23.552999
A	472		A	249	1	MET	M	472			25.0425		0.167;-4.797;-21.039
A	473		A	250	1	ARG	R	473			23.618182		0.432;-1.491;-19.254999
A	474		A	251	1	ALA	A	474			20.82		-3.327;-1.103;-19.091
A	475		A	252	1	CYS	C	475			20.585		-3.519;-4.561;-17.551001
A	476		A	253	1	TRP	W	476			20.205		-1.115;-3.335;-14.868
A	477		A	254	1	GLN	Q	477			25.454444		-3.094;-0.302;-13.663
A	478		A	255	1	TRP	W	478			24.828571		-2.933;-0.051;-9.863
A	479		A	256	1	ASN	N	479			32.08125		-6.635;0.287;-9.422
A	480		A	257	1	PRO	P	480			27.335714		-8.452;-2.784;-10.673
A	481		A	258	1	SER	S	481			33.211667		-11.328;-0.662;-11.853
A	482		A	259	1	ASP	D	482			30.27375		-9.048;1.016;-14.334
A	483		A	260	1	ARG	R	483			23.043636		-7.997;-2.244;-16.017
A	484		A	261	1	PRO	P	484			25.682857		-9.741;-3.337;-19.177999
A	485		A	262	1	SER	S	485			27.396667		-12.145;-6.205;-19.285999
A	486		A	263	1	PHE	F	486			22.630909		-11.209;-9.283;-21.146999
A	487		A	264	1	ALA	A	487			28.312		-13.966;-8.337;-23.577999
A	488		A	265	1	GLU	E	488		B	31.16		-12.281;-5.037;-24.223
A	489		A	266	1	ILE	I	489			24.7075		-8.901;-6.779;-24.51
A	490		A	267	1	HIS	H	490			32.278		-10.1;-9.236;-27.125999
A	491		A	268	1	GLN	Q	491			41.598889		-11.725;-6.354;-29.002001
A	492		A	269	1	ALA	A	492			34.248		-8.501;-4.375;-28.837999
A	493		A	270	1	PHE	F	493			31.753636		-6.542;-7.173;-30.457001
A	494		A	271	1	GLU	E	494			48.137778		-8.805;-7.338;-33.494999
A	495		A	272	1	THR	T	495		A	42.167143		-8.899;-3.61;-33.952999
A	496		A	273	1	MET	M	496		A	41.52375		-5.437;-2.539;-32.926998
A	497		A	274	1	PHE	F	497		A	35.455455		-3.453;-3.209;-36.095001
A	498		A	275	1	GLN	Q	498		A	41.576667		-6.191;-1.699;-38.27
A	499		A	276	1	GLU	E	499		A	41.248		-8.018;-4.933;-38.971001
